Workbook

Sheet Resumo
A1: RESUMO - ESTHER DISTRIBUIDORA DE PEÇAS LTDA
A3: Classe | B3: Itens na curva | C3: COMPRA | D3: NÃO COMPRA | E3: % Compra | F3: Valor do pedido (R$)
A4: A | B4: =COUNTIF(Curva!$F:$F,A4) -> 304 | C4: =COUNTIFS(Curva!$F:$F,A4,Curva!$C:$C,"COMPRA") -> 15 | D4: =B4-C4 -> 289 | E4: =C4/B4 -> 0.049342105 | F4: =SUMIFS(Curva!$E:$E,Curva!$F:$F,A4) -> 10386.8
A5: B | B5: =COUNTIF(Curva!$F:$F,A5) -> 399 | C5: =COUNTIFS(Curva!$F:$F,A5,Curva!$C:$C,"COMPRA") -> 4 | D5: =B5-C5 -> 395 | E5: =C5/B5 -> 0.010025063 | F5: =SUMIFS(Curva!$E:$E,Curva!$F:$F,A5) -> 3131.36
A6: C | B6: =COUNTIF(Curva!$F:$F,A6) -> 999 | C6: =COUNTIFS(Curva!$F:$F,A6,Curva!$C:$C,"COMPRA") -> 6 | D6: =B6-C6 -> 993 | E6: =C6/B6 -> 0.006006006 | F6: =SUMIFS(Curva!$E:$E,Curva!$F:$F,A6) -> 3993.42
A7: TOTAL | B7: =SUM(B4:B6) -> 1702 | C7: =SUM(C4:C6) -> 25 | D7: =SUM(D4:D6) -> 1677 | E7: =C7/B7 -> 0.014688602 | F7: =SUM(F4:F6) -> 17511.58

Sheet Curva
A1: Código | B1: CÓDIGO NO PEDIDO (PROCV) | C1: COMPRA / NÃO COMPRA | D1: QTD PEDIDO | E1: VALOR PEDIDO | F1: Classe | G1: Produto | H1: Familia | I1: Montadora | J1: Cross | K1: Total (histórico) | L1: % Acumulado | M1: AK (RELATÓRIO) | N1: CONFERE c/ TOTAL | O1: APLICAÇÃO (LISTA) | P1: PRODUTO (LISTA)
A2: SSC3020 | B2: =IFERROR(VLOOKUP(A2,Pedido!$A:$B,2,0),"") | C2: =IF(B2="","NÃO COMPRA","COMPRA") -> NÃO COMPRA | D2: =IFERROR(VLOOKUP(A2,Pedido!$A:$C,3,0),0) -> 0 | E2: =IFERROR(VLOOKUP(A2,Pedido!$A:$E,5,0),0) -> 0 | F2: A | G2: CILINDRO AUXILIAR DE EMBREAGEM HYUNDAI | H2: CILINDRO AUXILIAR DE EMBREAGEM | I2: HYUNDAI | K2: 15657 | L2: 0.02676607 | M2: =SUMIF(Relatorio_AK!$A:$A,A2,Relatorio_AK!$B:$B) -> 15657 | N2: =IF(M2=K2,"OK","DIF") -> OK | O2: =IFERROR(VLOOKUP($A2,Lista_Starke!$A:$E,3,0),"NÃO ESTÁ NA LISTA") -> HYUNDAI: HB20 1.0 12V 12/... | P2: =IFERROR(VLOOKUP($A2,Lista_Starke!$A:$E,2,0),"NÃO ESTÁ NA LISTA") -> CILINDRO AUXILIAR DE EMBREAGEM
A3: SCC2064 | B3: =IFERROR(VLOOKUP(A3,Pedido!$A:$B,2,0),"") | C3: =IF(B3="","NÃO COMPRA","COMPRA") -> NÃO COMPRA | D3: =IFERROR(VLOOKUP(A3,Pedido!$A:$C,3,0),0) -> 0 | E3: =IFERROR(VLOOKUP(A3,Pedido!$A:$E,5,0),0) -> 0 | F3: A | G3: CILINDRO MESTRE DE EMBREAGEM HYUNDAI | H3: CILINDRO MESTRE DE EMBREAGEM | I3: HYUNDAI | K3: 14311 | L3: 0.051231116 | M3: =SUMIF(Relatorio_AK!$A:$A,A3,Relatorio_AK!$B:$B) -> 14311 | N3: =IF(M3=K3,"OK","DIF") -> OK | O3: =IFERROR(VLOOKUP($A3,Lista_Starke!$A:$E,3,0),"NÃO ESTÁ NA LISTA") -> HYUNDAI: HB20 1.0 12V 3 cil 12/... HYUNDAI: HB20 1.6 16V 12/... | P3: =IFERROR(VLOOKUP($A3,Lista_Starke!$A:$E,2,0),"NÃO ESTÁ NA LISTA") -> CILINDRO MESTRE DE EMBREAGEM
A4: SBC1000 | B4: =IFERROR(VLOOKUP(A4,Pedido!$A:$B,2,0),"") | C4: =IF(B4="","NÃO COMPRA","COMPRA") -> NÃO COMPRA | D4: =IFERROR(VLOOKUP(A4,Pedido!$A:$C,3,0),0) -> 0 | E4: =IFERROR(VLOOKUP(A4,Pedido!$A:$E,5,0),0) -> 0 | F4: A | G4: CILINDRO MESTRE DE FREIO VW | H4: CILINDRO MESTRE DE FREIO | I4: VOLKSWAGEN | J4: 5109 (ATE) | C2003 (CONTROIL) | RCCM23314 (TRW) | K4: 6588 | L4: 0.062493482 | M4: =SUMIF(Relatorio_AK!$A:$A,A4,Relatorio_AK!$B:$B) -> 6588 | N4: =IF(M4=K4,"OK","DIF") -> OK | O4: =IFERROR(VLOOKUP($A4,Lista_Starke!$A:$E,3,0),"NÃO ESTÁ NA LISTA") -> VOLKSWAGEN: Fusca 1.3 67/76 | P4: =IFERROR(VLOOKUP($A4,Lista_Starke!$A:$E,2,0),"NÃO ESTÁ NA LISTA") -> CILINDRO MESTRE DE FREIO
A5: SBC1090A | B5: =IFERROR(VLOOKUP(A5,Pedido!$A:$B,2,0),"") | C5: =IF(B5="","NÃO COMPRA","COMPRA") -> NÃO COMPRA | D5: =IFERROR(VLOOKUP(A5,Pedido!$A:$C,3,0),0) -> 0 | E5: =IFERROR(VLOOKUP(A5,Pedido!$A:$E,5,0),0) -> 0 | F5: A | G5: CILINDRO MESTRE FREIO VW | H5: CILINDRO MESTRE DE FREIO | I5: VOLKSWAGEN | K5: 6193 | L5: 0.073080585 | M5: =SUMIF(Relatorio_AK!$A:$A,A5,Relatorio_AK!$B:$B) -> 6193 | N5: =IF(M5=K5,"OK","DIF") -> OK | O5: =IFERROR(VLOOKUP($A5,Lista_Starke!$A:$E,3,0),"NÃO ESTÁ NA LISTA") -> VOLKSWAGEN: Gol G6 1.0 / 1.6 13/... VOLKSWAGEN: Gol G7 1.0 / 1.6 17/... VOLKSWAGEN: Nivus 1.0 TSI 20/... VOLKSWAGEN: Polo 1.0 TSI / 1.6 MSI 17/... VOLKSWAGEN: Saveiro G6 1.6 MSI 13/... VOLKSWAGEN: T-Cross 1.0 TSI 19/... VOLKSWAGEN: Up 1.0 12V / 1.0 TSI 14/... VOLKSWAGEN: Virtus 1.0 TSI / 1.6 MSI 18/... VOLKSWAGEN: Voyage G6 1.0 / 1.6 13/... | P5: =IFERROR(VLOOKUP($A5,Lista_Starke!$A:$E,2,0),"NÃO ESTÁ NA LISTA") -> CILINDRO MESTRE DE FREIO
A6: SBC1001 | B6: =IFERROR(VLOOKUP(A6,Pedido!$A:$B,2,0),"") | C6: =IF(B6="","NÃO COMPRA","COMPRA") -> NÃO COMPRA | D6: =IFERROR(VLOOKUP(A6,Pedido!$A:$C,3,0),0) -> 0 | E6: =IFERROR(VLOOKUP(A6,Pedido!$A:$E,5,0),0) -> 0 | F6: A | G6: CILINDRO MESTRE DE FREIO RENAULT | H6: CILINDRO MESTRE DE FREIO | I6: RENAULT | J6: 0986AB8673 (BOSCH) | 7701205740 (OEM) | 7701205815 (OEM) | C2096 (CONTROIL) | K6: 5930 | L6: 0.083218083 | M6: =SUMIF(Relatorio_AK!$A:$A,A6,Relatorio_AK!$B:$B) -> 5930 | N6: =IF(M6=K6,"OK","DIF") -> OK | O6: =IFERROR(VLOOKUP($A6,Lista_Starke!$A:$E,3,0),"NÃO ESTÁ NA LISTA") -> RENAULT: Clio 1.0 / 1.6 00/... RENAULT: Kangoo 1.0 / 1.6 00/... RENAULT: Symbol 1.0 / 1.6 09/... | P6: =IFERROR(VLOOKUP($A6,Lista_Starke!$A:$E,2,0),"NÃO ESTÁ NA LISTA") -> CILINDRO MESTRE DE FREIO
A7: SBC1137 | B7: =IFERROR(VLOOKUP(A7,Pedido!$A:$B,2,0),"") | C7: =IF(B7="","NÃO COMPRA","COMPRA") -> NÃO COMPRA | D7: =IFERROR(VLOOKUP(A7,Pedido!$A:$C,3,0),0) -> 0 | E7: =IFERROR(VLOOKUP(A7,Pedido!$A:$E,5,0),0) -> 0 | F7: A | G7: CILIDNRO MESTRE DE FREIO FIAT | H7: CILINDRO MESTRE DE FREIO | I7: FIAT | J7: 0204798525 (BOSCH) | K7: 5587 | L7: 0.092769212 | M7: =SUMIF(Relatorio_AK!$A:$A,A7,Relatorio_AK!$B:$B) -> 5587 | N7: =IF(M7=K7,"OK","DIF") -> OK | O7: =IFERROR(VLOOKUP($A7,Lista_Starke!$A:$E,3,0),"NÃO ESTÁ NA LISTA") -> FIAT: Grand Siena 1.4 8V Fire EVO 12/... FIAT: Grand Siena 1.6 16V Etorq 12/... FIAT: Grand Siena 1.6 16V Etorq Dualogic 12/... FIAT: Palio 1.0 8V Fire EVO 12/... FIAT: Palio 1.4 8V Fire EVO 12/... FIAT: Palio 1.6 16V Etorq 12/... FIAT: Palio 1.6 16V Etorq Dualogic 12/... FIAT: Uno 1.0 8V Fire EVO 12/... FIAT: Uno 1.4 8V Fire EVO 12/... | P7: =IFERROR(VLOOKUP($A7,Lista_Starke!$A:$E,2,0),"NÃO ESTÁ NA LISTA") -> CILNDRO MESTRE DE FREIO
A8: SCC2017 | B8: =IFERROR(VLOOKUP(A8,Pedido!$A:$B,2,0),"") -> SCC 2017 | C8: =IF(B8="","NÃO COMPRA","COMPRA") -> COMPRA | D8: =IFERROR(VLOOKUP(A8,Pedido!$A:$C,3,0),0) -> 1 | E8: =IFERROR(VLOOKUP(A8,Pedido!$A:$E,5,0),0) -> 95 | F8: A | G8: CILINDRO MESTRE DE EMBREAGEM HONDA | H8: CILINDRO MESTRE DE EMBREAGEM | I8: HONDA | K8: 5428 | L8: 0.10204853 | M8: =SUMIF(Relatorio_AK!$A:$A,A8,Relatorio_AK!$B:$B) -> 5428 | N8: =IF(M8=K8,"OK","DIF") -> OK | O8: =IFERROR(VLOOKUP($A8,Lista_Starke!$A:$E,3,0),"NÃO ESTÁ NA LISTA") -> HONDA: City 1.5 16V 09/... HONDA: Fit 1.4 16V / 1.5 16V 09/... | P8: =IFERROR(VLOOKUP($A8,Lista_Starke!$A:$E,2,0),"NÃO ESTÁ NA LISTA") -> CILINDRO MESTRE DE EMBREAGEM
A9: SBC1068 | B9: =IFERROR(VLOOKUP(A9,Pedido!$A:$B,2,0),"") | C9: =IF(B9="","NÃO COMPRA","COMPRA") -> NÃO COMPRA | D9: =IFERROR(VLOOKUP(A9,Pedido!$A:$C,3,0),0) -> 0 | E9: =IFERROR(VLOOKUP(A9,Pedido!$A:$E,5,0),0) -> 0 | F9: A | G9: CILINDRO MESTRE DE FREIO FORD | H9: CILINDRO MESTRE DE FREIO | I9: FORD | J9: 2S652140CA (OEM) | 6168 (ATE) | C2155 (CONTROIL) | K9: 5372 | L9: 0.11123211 | M9: =SUMIF(Relatorio_AK!$A:$A,A9,Relatorio_AK!$B:$B) -> 5372 | N9: =IF(M9=K9,"OK","DIF") -> OK | O9: =IFERROR(VLOOKUP($A9,Lista_Starke!$A:$E,3,0),"NÃO ESTÁ NA LISTA") -> FORD: Ecosport 03/12 FORD: Fiesta 03/... | P9: =IFERROR(VLOOKUP($A9,Lista_Starke!$A:$E,2,0),"NÃO ESTÁ NA LISTA") -> CILINDRO MESTRE DE FREIO
A10: SBC1123 | B10: =IFERROR(VLOOKUP(A10,Pedido!$A:$B,2,0),"") | C10: =IF(B10="","NÃO COMPRA","COMPRA") -> NÃO COMPRA | D10: =IFERROR(VLOOKUP(A10,Pedido!$A:$C,3,0),0) -> 0 | E10: =IFERROR(VLOOKUP(A10,Pedido!$A:$E,5,0),0) -> 0 | F10: A | G10: CILINDRO MESTRE DE FREIO GM | H10: CILINDRO MESTRE DE FREIO | I10: GM | J10: 6989 (ATE) | 94756709 (OEM) | C2220 (CONTROIL) | K10: 4985 | L10: 0.1197541 | M10: =SUMIF(Relatorio_AK!$A:$A,A10,Relatorio_AK!$B:$B) -> 4985 | N10: =IF(M10=K10,"OK","DIF") -> OK | O10: =IFERROR(VLOOKUP($A10,Lista_Starke!$A:$E,3,0),"NÃO ESTÁ NA LISTA") -> GM: Celta 1.0 8V 14/16 GM: Corsa Classic 1.0 V 12/... GM: Corsa Classic 1.4 8V 12/... | P10: =IFERROR(VLOOKUP($A10,Lista_Starke!$A:$E,2,0),"NÃO ESTÁ NA LISTA") -> CILINDRO MESTRE DE FREIO
A11: SBC1087 | B11: =IFERROR(VLOOKUP(A11,Pedido!$A:$B,2,0),"") | C11: =IF(B11="","NÃO COMPRA","COMPRA") -> NÃO COMPRA | D11: =IFERROR(VLOOKUP(A11,Pedido!$A:$C,3,0),0) -> 0 | E11: =IFERROR(VLOOKUP(A11,Pedido!$A:$E,5,0),0) -> 0 | F11: A | G11: CILINDRO MESTRE DE FREIO RENAULT | H11: CILINDRO MESTRE DE FREIO | I11: RENAULT | J11: 460118760R (OEM) | 6001551613 (OEM) | 6967 (ATE) | C-2178 (CONTROIL) | K11: 4922 | L11: 0.1281684 | M11: =SUMIF(Relatorio_AK!$A:$A,A11,Relatorio_AK!$B:$B) -> 4922 | N11: =IF(M11=K11,"OK","DIF") -> OK | O11: =IFERROR(VLOOKUP($A11,Lista_Starke!$A:$E,3,0),"NÃO ESTÁ NA LISTA") -> RENAULT: Logan 1.0 / 1.6 07/13 RENAULT: Sandero 1.0 / 1.6 07/14 | P11: =IFERROR(VLOOKUP($A11,Lista_Starke!$A:$E,2,0),"NÃO ESTÁ NA LISTA") -> CILINDRO MESTRE DE FREIO
A12: SCC2060 | B12: =IFERROR(VLOOKUP(A12,Pedido!$A:$B,2,0),"") | C12: =IF(B12="","NÃO COMPRA","COMPRA") -> NÃO COMPRA | D12: =IFERROR(VLOOKUP(A12,Pedido!$A:$C,3,0),0) -> 0 | E12: =IFERROR(VLOOKUP(A12,Pedido!$A:$E,5,0),0) -> 0 | F12: A | G12: CILINDRO MESTRE DE EMBREAGEM RENAULT | H12: CILINDRO MESTRE DE EMBREAGEM | I12: NISSAN / RENAULT | K12: 4719 | L12: 0.13623565 | M12: =SUMIF(Relatorio_AK!$A:$A,A12,Relatorio_AK!$B:$B) -> 4719 | N12: =IF(M12=K12,"OK","DIF") -> OK | O12: =IFERROR(VLOOKUP($A12,Lista_Starke!$A:$E,3,0),"NÃO ESTÁ NA LISTA") -> NISSAN: March 1.0 16V 11/... NISSAN: March 1.6 16V 11/... NISSAN: Versa 1.6 16V 11/... RENAULT: Captur 1.6 16V 17/... RENAULT: Duster 1.6 / 2.0 16/... RENAULT: Logan 1.6 16V 13/16 RENAULT: Logan 1.6 16V 17/... RENAULT: Oroch 1.6 16V 16/... RENAULT: Sandero 1.6 16V 13/16 RENAULT: Sandero 1.6 16V 17/... | P12: =IFERROR(VLOOKUP($A12,Lista_Starke!$A:$E,2,0),"NÃO ESTÁ NA LISTA") -> CILINDRO MESTRE DE EMBREAGEM
A13: SBC1014 | B13: =IFERROR(VLOOKUP(A13,Pedido!$A:$B,2,0),"") | C13: =IF(B13="","NÃO COMPRA","COMPRA") -> NÃO COMPRA | D13: =IFERROR(VLOOKUP(A13,Pedido!$A:$C,3,0),0) -> 0 | E13: =IFERROR(VLOOKUP(A13,Pedido!$A:$E,5,0),0) -> 0 | F13: A | G13: CILINDRO MESTRE DE FREIO FIAT | H13: CILINDRO MESTRE DE FREIO | I13: FIAT | J13: 5785 (ATE) | 7079433 (OEM) | C2075 (CONTROIL) | RCCD01530 (TRW) | K13: 4390 | L13: 0.14374048 | M13: =SUMIF(Relatorio_AK!$A:$A,A13,Relatorio_AK!$B:$B) -> 4390 | N13: =IF(M13=K13,"OK","DIF") -> OK | O13: =IFERROR(VLOOKUP($A13,Lista_Starke!$A:$E,3,0),"NÃO ESTÁ NA LISTA") -> FIAT: Fiorino 94/... FIAT: Palio 98/... FIAT: Palio Weekend 98/... FIAT: Siena 98/... FIAT: Strada 98/... | P13: =IFERROR(VLOOKUP($A13,Lista_Starke!$A:$E,2,0),"NÃO ESTÁ NA LISTA") -> CILINDRO MESTRE DE FREIO
A14: SBC1007 | B14: =IFERROR(VLOOKUP(A14,Pedido!$A:$B,2,0),"") | C14: =IF(B14="","NÃO COMPRA","COMPRA") -> NÃO COMPRA | D14: =IFERROR(VLOOKUP(A14,Pedido!$A:$C,3,0),0) -> 0 | E14: =IFERROR(VLOOKUP(A14,Pedido!$A:$E,5,0),0) -> 0 | F14: A | G14: CILINDRO MESTRE DE FREIO GM | H14: CILINDRO MESTRE DE FREIO | I14: GM | J14: 0986AB8644 (BOSCH) | 5991 (ATE) | 93289332 (OEM) | C2082 (CONTROIL) | RCCD01620 (TRW) | K14: 4235 | L14: 0.15098033 | M14: =SUMIF(Relatorio_AK!$A:$A,A14,Relatorio_AK!$B:$B) -> 4235 | N14: =IF(M14=K14,"OK","DIF") -> OK | O14: =IFERROR(VLOOKUP($A14,Lista_Starke!$A:$E,3,0),"NÃO ESTÁ NA LISTA") -> GM: Agile 10/11 GM: Classic 03/09 GM: Corsa 98/02 GM: Montana 11/13 | P14: =IFERROR(VLOOKUP($A14,Lista_Starke!$A:$E,2,0),"NÃO ESTÁ NA LISTA") -> CILINDRO MESTRE DE FREIO
A15: SBC1011 | B15: =IFERROR(VLOOKUP(A15,Pedido!$A:$B,2,0),"") -> SBC 1011 | C15: =IF(B15="","NÃO COMPRA","COMPRA") -> COMPRA | D15: =IFERROR(VLOOKUP(A15,Pedido!$A:$C,3,0),0) -> 4 | E15: =IFERROR(VLOOKUP(A15,Pedido!$A:$E,5,0),0) -> 352 | F15: A | G15: CILINDRO MESTRE DE FREIO PEUGEOT | H15: CILINDRO MESTRE DE FREIO | I15: PEUGEOT | J15: 0986AB8648 (BOSCH) | 4601F8 (OEM) | 6071 (ATE) | C2130 (CONTROIL) | PMF494 (TRW) | K15: 4094 | L15: 0.15797913 | M15: =SUMIF(Relatorio_AK!$A:$A,A15,Relatorio_AK!$B:$B) -> 4094 | N15: =IF(M15=K15,"OK","DIF") -> OK | O15: =IFERROR(VLOOKUP($A15,Lista_Starke!$A:$E,3,0),"NÃO ESTÁ NA LISTA") -> PEUGEOT: 206 1.0 16V 01/04 PEUGEOT: 206 1.4 8V 05/10 PEUGEOT: 206 1.6 8V 99/01 PEUGEOT: 206 / 206 SW 1.4 8V 05/08 PEUGEOT: 207 1.4 8V 09/... PEUGEOT: 207 / SW 1.4 8V 09/... PEUGEOT: 306 1.6 94/97 | P15: =IFERROR(VLOOKUP($A15,Lista_Starke!$A:$E,2,0),"NÃO ESTÁ NA LISTA") -> CILINDRO MESTRE DE FREIO
A16: SBC1085 | B16: =IFERROR(VLOOKUP(A16,Pedido!$A:$B,2,0),"") | C16: =IF(B16="","NÃO COMPRA","COMPRA") -> NÃO COMPRA | D16: =IFERROR(VLOOKUP(A16,Pedido!$A:$C,3,0),0) -> 0 | E16: =IFERROR(VLOOKUP(A16,Pedido!$A:$E,5,0),0) -> 0 | F16: A | G16: CILINDRO MESTRE DE FREIO FIAT | H16: CILINDRO MESTRE DE FREIO | I16: FIAT | J16: 7087530 (OEM) | 7402 (ATE) | C2225 (CONTROIL) | K16: 4016 | L16: 0.1648446 | M16: =SUMIF(Relatorio_AK!$A:$A,A16,Relatorio_AK!$B:$B) -> 4016 | N16: =IF(M16=K16,"OK","DIF") -> OK | O16: =IFERROR(VLOOKUP($A16,Lista_Starke!$A:$E,3,0),"NÃO ESTÁ NA LISTA") -> FIAT: Argo 1.0 6V 3 cil. 17/... FIAT: Argo 1.3 8V 17/... FIAT: Argo 1.8 16V 17/... FIAT: Cronos 1.3 8V 18/... FIAT: Cronos 1.8 16V 18/... FIAT: Fiorino 1.4 8V 13/... FIAT: Grand Siena 1.4 8V 12/... FIAT: Grand Siena 1.6 16V 12/... FIAT: Mobi 1.0 8V 16/... FIAT: Palio 1.0 / 1.4 12/... FIAT: Palio 1.6 Etorq 12/... FIAT: Uno 1.0 8V 13/... FIAT: Uno 1.4 8V 13/... | P16: =IFERROR(VLOOKUP($A16,Lista_Starke!$A:$E,2,0),"NÃO ESTÁ NA LISTA") -> CILINDRO MESTRE DE FREIO
A17: SBC1135 | B17: =IFERROR(VLOOKUP(A17,Pedido!$A:$B,2,0),"") | C17: =IF(B17="","NÃO COMPRA","COMPRA") -> NÃO COMPRA | D17: =IFERROR(VLOOKUP(A17,Pedido!$A:$C,3,0),0) -> 0 | E17: =IFERROR(VLOOKUP(A17,Pedido!$A:$E,5,0),0) -> 0 | F17: A | G17: CILINDRO MESTRE DE FREIO CITROEN/PEUGEOT | H17: CILINDRO MESTRE DE FREIO | I17: CITROEN / PEUGEOT | J17: 1613317680 (OEM) | C2260 (CONTROIL) | K17: 3970 | L17: 0.17163142 | M17: =SUMIF(Relatorio_AK!$A:$A,A17,Relatorio_AK!$B:$B) -> 3970 | N17: =IF(M17=K17,"OK","DIF") -> OK | O17: =IFERROR(VLOOKUP($A17,Lista_Starke!$A:$E,3,0),"NÃO ESTÁ NA LISTA") -> CITROEN: 208 1.6 16V EC5 12/19 CITROEN: Aircross 1.5 8V TU5 12/19 CITROEN: Aircross 1.6 16V EC5 12/19 CITROEN: C3 1.5 8V TU5 12/18 CITROEN: C3 1.6 16V EC5 12/19 CITROEN: C3 Picasso 1.6 16V EC5 16/19 PEUGEOT: 2008 1.6 16V EC5 13/19 PEUGEOT: 208 1.5 8V TU5 12/19 | P17: =IFERROR(VLOOKUP($A17,Lista_Starke!$A:$E,2,0),"NÃO ESTÁ NA LISTA") -> CILINDRO MESTRE DE FREIO
A18: SBC1021 | B18: =IFERROR(VLOOKUP(A18,Pedido!$A:$B,2,0),"") | C18: =IF(B18="","NÃO COMPRA","COMPRA") -> NÃO COMPRA | D18: =IFERROR(VLOOKUP(A18,Pedido!$A:$C,3,0),0) -> 0 | E18: =IFERROR(VLOOKUP(A18,Pedido!$A:$E,5,0),0) -> 0 | F18: A | G18: CILINDRO MESTRE DE FREIO FIAT | H18: CILINDRO MESTRE DE FREIO | I18: FIAT | J18: 5766 (ATE) | 7074619 (OEM) | C2033 (CONTROIL) | RCCD00890 (TRW) | K18: 3303 | L18: 0.17727799 | M18: =SUMIF(Relatorio_AK!$A:$A,A18,Relatorio_AK!$B:$B) -> 3303 | N18: =IF(M18=K18,"OK","DIF") -> OK | O18: =IFERROR(VLOOKUP($A18,Lista_Starke!$A:$E,3,0),"NÃO ESTÁ NA LISTA") -> FIAT: Elba 91/96 FIAT: Fiorino 91/93 FIAT: Prêmio 91/96 FIAT: Uno 11/... FIAT: Uno 87/91 FIAT: Uno 91/10 | P18: =IFERROR(VLOOKUP($A18,Lista_Starke!$A:$E,2,0),"NÃO ESTÁ NA LISTA") -> CILINDRO MESTRE DE FREIO
A19: SBC1134 | B19: =IFERROR(VLOOKUP(A19,Pedido!$A:$B,2,0),"") | C19: =IF(B19="","NÃO COMPRA","COMPRA") -> NÃO COMPRA | D19: =IFERROR(VLOOKUP(A19,Pedido!$A:$C,3,0),0) -> 0 | E19: =IFERROR(VLOOKUP(A19,Pedido!$A:$E,5,0),0) -> 0 | F19: A | G19: CILINDRO MESTRE DE FREIO RENAULT | H19: CILINDRO MESTRE DE FREIO | I19: RENAULT | J19: 0204798374 (BOSCH) | 460119216R (OEM) | C2263 (CONTROIL) | K19: 3257 | L19: 0.18284592 | M19: =SUMIF(Relatorio_AK!$A:$A,A19,Relatorio_AK!$B:$B) -> 3257 | N19: =IF(M19=K19,"OK","DIF") -> OK | O19: =IFERROR(VLOOKUP($A19,Lista_Starke!$A:$E,3,0),"NÃO ESTÁ NA LISTA") -> RENAULT: Logan 1.0 16V 13/16 RENAULT: Logan 1.0 3 cil 16/... RENAULT: Logan 1.6 16V 13/16 RENAULT: Logan 1.6 16V 16/... RENAULT: Sandero 1.0 16V 14/16 RENAULT: Sandero 1.0 3 cil 16/... RENAULT: Sandero 1.6 16V 14/16 RENAULT: Sandero 1.6 16V 16/... | P19: =IFERROR(VLOOKUP($A19,Lista_Starke!$A:$E,2,0),"NÃO ESTÁ NA LISTA") -> CILINDRO MESTRE DE FREIO
A20: SBC1090 | B20: =IFERROR(VLOOKUP(A20,Pedido!$A:$B,2,0),"") | C20: =IF(B20="","NÃO COMPRA","COMPRA") -> NÃO COMPRA | D20: =IFERROR(VLOOKUP(A20,Pedido!$A:$C,3,0),0) -> 0 | E20: =IFERROR(VLOOKUP(A20,Pedido!$A:$E,5,0),0) -> 0 | F20: A | G20: CILINDRO MESTRE DE FREIO VW | H20: CILINDRO MESTRE DE FREIO | I20: VOLKSWAGEN | K20: 3160 | L20: 0.18824803 | M20: =SUMIF(Relatorio_AK!$A:$A,A20,Relatorio_AK!$B:$B) -> 3160 | N20: =IF(M20=K20,"OK","DIF") -> OK | O20: =IFERROR(VLOOKUP($A20,Lista_Starke!$A:$E,3,0),"NÃO ESTÁ NA LISTA") -> VOLKSWAGEN: Gol G6 1.0 / 1.6 13/... VOLKSWAGEN: Saveiro G6 1.6 13/... VOLKSWAGEN: Voyage G6 1.0 / 1.6 13/... | P20: =IFERROR(VLOOKUP($A20,Lista_Starke!$A:$E,2,0),"NÃO ESTÁ NA LISTA") -> CILINDRO MESTRE DE FREIO
A21: SBC1081 | B21: =IFERROR(VLOOKUP(A21,Pedido!$A:$B,2,0),"") | C21: =IF(B21="","NÃO COMPRA","COMPRA") -> NÃO COMPRA | D21: =IFERROR(VLOOKUP(A21,Pedido!$A:$C,3,0),0) -> 0 | E21: =IFERROR(VLOOKUP(A21,Pedido!$A:$E,5,0),0) -> 0 | F21: A | G21: CILINDRO MESTRE DE FREIO VW | H21: CILINDRO MESTRE DE FREIO | I21: VOLKSWAGEN | J21: 0986AB8572 (BOSCH) | 5Z0611019N (OEM) | C2160 (CONTROIL) | K21: 3118 | L21: 0.19357833 | M21: =SUMIF(Relatorio_AK!$A:$A,A21,Relatorio_AK!$B:$B) -> 3118 | N21: =IF(M21=K21,"OK","DIF") -> OK | O21: =IFERROR(VLOOKUP($A21,Lista_Starke!$A:$E,3,0),"NÃO ESTÁ NA LISTA") -> VOLKSWAGEN: Crossfox 05/... VOLKSWAGEN: Fox 04/... VOLKSWAGEN: Polo 02/... VOLKSWAGEN: Space Cross 12/... VOLKSWAGEN: Spacefox 06/... | P21: =IFERROR(VLOOKUP($A21,Lista_Starke!$A:$E,2,0),"NÃO ESTÁ NA LISTA") -> CILINDRO MESTRE DE FREIO
A22: SWC5006 | B22: =IFERROR(VLOOKUP(A22,Pedido!$A:$B,2,0),"") | C22: =IF(B22="","NÃO COMPRA","COMPRA") -> NÃO COMPRA | D22: =IFERROR(VLOOKUP(A22,Pedido!$A:$C,3,0),0) -> 0 | E22: =IFERROR(VLOOKUP(A22,Pedido!$A:$E,5,0),0) -> 0 | F22: A | G22: CILINDRO DE RODA LE/LD RENAULT/VW | H22: CILINDRO DE RODA | I22: RENAULT / VOLKSWAGEN | J22: 0986AB8653 (BOSCH) | 6001551410 (OEM) | C3537 (CONTROIL) | CCR92250 (FORTEC) | RCCR03580 (TRW) | K22: 3108 | L22: 0.19889154 | M22: =SUMIF(Relatorio_AK!$A:$A,A22,Relatorio_AK!$B:$B) -> 3108 | N22: =IF(M22=K22,"OK","DIF") -> OK | O22: =IFERROR(VLOOKUP($A22,Lista_Starke!$A:$E,3,0),"NÃO ESTÁ NA LISTA") -> RENAULT: Clio 1.0 16V 12/... RENAULT: Logan 1.6 8V / 1.6 16V 07/13 RENAULT: Sandero 1.6 8V / 1.6 16V 07/13 RENAULT: Symbol 1.6 8V 09/13 VOLKSWAGEN: Gol 1.0 12V 3cil 16/... VOLKSWAGEN: Gol 1.0 8V / 1.6 8V 15/... VOLKSWAGEN: Up 1.0 12V 14/... VOLKSWAGEN: Up 1.0 12V 3cil TSI 14/... VOLKSWAGEN: Voyage 1.6 8V 16/... | P22: =IFERROR(VLOOKUP($A22,Lista_Starke!$A:$E,2,0),"NÃO ESTÁ NA LISTA") -> CILINDRO DE RODA LE/LD
A23: SWC5015 | B23: =IFERROR(VLOOKUP(A23,Pedido!$A:$B,2,0),"") | C23: =IF(B23="","NÃO COMPRA","COMPRA") -> NÃO COMPRA | D23: =IFERROR(VLOOKUP(A23,Pedido!$A:$C,3,0),0) -> 0 | E23: =IFERROR(VLOOKUP(A23,Pedido!$A:$E,5,0),0) -> 0 | F23: A | G23: CILINDRO DE RODA LE/LD GM | H23: CILINDRO DE RODA | I23: GM | J23: 0986AB8667 (BOSCH) | 7630 (ATE) | 93313891 (OEM) | C3521 (CONTROIL) | CCR92241 (FORTEC) | CR2202 (BOSCH) | K23: 3004 | L23: 0.20402696 | M23: =SUMIF(Relatorio_AK!$A:$A,A23,Relatorio_AK!$B:$B) -> 3004 | N23: =IF(M23=K23,"OK","DIF") -> OK | O23: =IFERROR(VLOOKUP($A23,Lista_Starke!$A:$E,3,0),"NÃO ESTÁ NA LISTA") -> GM: Astra 2.0 8V 05/11 GM: Montana 1.4 8V / 1.8 8V 04/... GM: Montana 1.4 8V / 1.8 8V 08/... GM: Vectra 2.0 8V / 2.4 16V 06/11 GM: Zafira 2.0 8V 05/12 | P23: =IFERROR(VLOOKUP($A23,Lista_Starke!$A:$E,2,0),"NÃO ESTÁ NA LISTA") -> CILINDRO DE RODA LE/LD
A24: SVP6031 | B24: =IFERROR(VLOOKUP(A24,Pedido!$A:$B,2,0),"") | C24: =IF(B24="","NÃO COMPRA","COMPRA") -> NÃO COMPRA | D24: =IFERROR(VLOOKUP(A24,Pedido!$A:$C,3,0),0) -> 0 | E24: =IFERROR(VLOOKUP(A24,Pedido!$A:$E,5,0),0) -> 0 | F24: A | G24: BOMBA DE VÁCUO FIAT/JEEP | H24: BOMBA DE VÁCUO | I24: FIAT / JEEP | K24: 2917 | L24: 0.20901365 | M24: =SUMIF(Relatorio_AK!$A:$A,A24,Relatorio_AK!$B:$B) -> 2917 | N24: =IF(M24=K24,"OK","DIF") -> OK | O24: =IFERROR(VLOOKUP($A24,Lista_Starke!$A:$E,3,0),"NÃO ESTÁ NA LISTA") -> FIAT: Toro 2.0 16V JTD Diesel 16/… JEEP: Commander 2.0 16V Turbo Diesel 21/... JEEP: Compass 2.0 16V JTD Diesel 16/… JEEP: Renegade 2.0 16V JTD Diesel 16/… | P24: =IFERROR(VLOOKUP($A24,Lista_Starke!$A:$E,2,0),"NÃO ESTÁ NA LISTA") -> BOMBA DE VÁCUO
A25: SCC2029 | B25: =IFERROR(VLOOKUP(A25,Pedido!$A:$B,2,0),"") -> SCC 2029 | C25: =IF(B25="","NÃO COMPRA","COMPRA") -> COMPRA | D25: =IFERROR(VLOOKUP(A25,Pedido!$A:$C,3,0),0) -> 4 | E25: =IFERROR(VLOOKUP(A25,Pedido!$A:$E,5,0),0) -> 453.6 | F25: A | G25: CILINDRO MESTRE DE EMBREAGEM RENAULT | H25: CILINDRO MESTRE DE EMBREAGEM | I25: RENAULT | J25: 306107623R (RENAULT) | K25: 2843 | L25: 0.21387384 | M25: =SUMIF(Relatorio_AK!$A:$A,A25,Relatorio_AK!$B:$B) -> 2843 | N25: =IF(M25=K25,"OK","DIF") -> OK | O25: =IFERROR(VLOOKUP($A25,Lista_Starke!$A:$E,3,0),"NÃO ESTÁ NA LISTA") -> RENAULT: Duster 1.6 16V 12/... RENAULT: Duster 2.0 16V F4R830 12/... | P25: =IFERROR(VLOOKUP($A25,Lista_Starke!$A:$E,2,0),"NÃO ESTÁ NA LISTA") -> CILINDRO MESTRE DE EMBREAGEM
A26: SBC1097 | B26: =IFERROR(VLOOKUP(A26,Pedido!$A:$B,2,0),"") | C26: =IF(B26="","NÃO COMPRA","COMPRA") -> NÃO COMPRA | D26: =IFERROR(VLOOKUP(A26,Pedido!$A:$C,3,0),0) -> 0 | E26: =IFERROR(VLOOKUP(A26,Pedido!$A:$E,5,0),0) -> 0 | F26: A | G26: CILINDRO MESTRE DE FREIO RENAULT | H26: CILINDRO MESTRE DE FREIO | I26: RENAULT | J26: 460114036R (OEM) | 6371 (ATE) | 6966 (ATE) | C2204 (CONTROIL) | K26: 2757 | L26: 0.21858701 | M26: =SUMIF(Relatorio_AK!$A:$A,A26,Relatorio_AK!$B:$B) -> 2757 | N26: =IF(M26=K26,"OK","DIF") -> OK | O26: =IFERROR(VLOOKUP($A26,Lista_Starke!$A:$E,3,0),"NÃO ESTÁ NA LISTA") -> RENAULT: Logan 1.0 / 1.6 07/11 RENAULT: Logan 1.0 / 1.6 12/... RENAULT: Sandero 1.0 / 1.6 07/11 RENAULT: Sandero 1.0 / 1.6 12/... | P26: =IFERROR(VLOOKUP($A26,Lista_Starke!$A:$E,2,0),"NÃO ESTÁ NA LISTA") -> CILINDRO MESTRE DE FREIO
A27: SBC1027 | B27: =IFERROR(VLOOKUP(A27,Pedido!$A:$B,2,0),"") | C27: =IF(B27="","NÃO COMPRA","COMPRA") -> NÃO COMPRA | D27: =IFERROR(VLOOKUP(A27,Pedido!$A:$C,3,0),0) -> 0 | E27: =IFERROR(VLOOKUP(A27,Pedido!$A:$E,5,0),0) -> 0 | F27: A | G27: CILINDRO MESTRE DE FREIO FORD | H27: CILINDRO MESTRE DE FREIO | I27: FORD | J27: C2061 (CONTROIL) | RCCD00910 (TRW) | K27: 2683 | L27: 0.22317367 | M27: =SUMIF(Relatorio_AK!$A:$A,A27,Relatorio_AK!$B:$B) -> 2683 | N27: =IF(M27=K27,"OK","DIF") -> OK | O27: =IFERROR(VLOOKUP($A27,Lista_Starke!$A:$E,3,0),"NÃO ESTÁ NA LISTA") -> FORD: Fiesta 1.0 / 1.3 96/02 FORD: Fiesta 1.0 01/07 FORD: Ka 1.0 08/13 | P27: =IFERROR(VLOOKUP($A27,Lista_Starke!$A:$E,2,0),"NÃO ESTÁ NA LISTA") -> CILINDRO MESTRE DE FREIO
A28: SWC5032 | B28: =IFERROR(VLOOKUP(A28,Pedido!$A:$B,2,0),"") | C28: =IF(B28="","NÃO COMPRA","COMPRA") -> NÃO COMPRA | D28: =IFERROR(VLOOKUP(A28,Pedido!$A:$C,3,0),0) -> 0 | E28: =IFERROR(VLOOKUP(A28,Pedido!$A:$E,5,0),0) -> 0 | F28: A | G28: CILINDRO DE RODA LE/LD FIAT | H28: CILINDRO DE RODA | I28: FIAT | J28: 0986AB8658 (BOSCH) | 5684 (ATE) | 71737949 (OEM) | 71737950 (OEM) | 7729634 (OEM) | 7757604 (OEM) | C3411 (CONTROIL) | CCR9230 (FORTEC) | CR1687 (BOSCH) | RCCR02120 (TRW) | K28: 2549 | L28: 0.22753125 | M28: =SUMIF(Relatorio_AK!$A:$A,A28,Relatorio_AK!$B:$B) -> 2549 | N28: =IF(M28=K28,"OK","DIF") -> OK | O28: =IFERROR(VLOOKUP($A28,Lista_Starke!$A:$E,3,0),"NÃO ESTÁ NA LISTA") -> FIAT: Brava 1.8 16V 99/07 FIAT: Doblo 1.3 16V / 1.6 16V 02/... FIAT: Doblo 1.8 16V 14/... FIAT: Doblo 1.8 8V 08/... FIAT: Fiorino 1.0 8V FIASA 94/95 FIAT: Fiorino 1.5 8V Sevel 88/93 FIAT: Idea 1.4 8V 06/12 FIAT: Idea 1.6 16V Etorq 11/16 FIAT: Idea 1.8 16V Etorq 11/16 FIAT: Idea 1.8 8V Powertrain 09/10 FIAT: Marea / Marea Weekend 2.0 20V / 2.4 20V 99/07 FIAT: Palio Weekend 1.4 8V 08/... FIAT: Palio Weekend 1.4 8V 08/12 FIAT: Palio Weekend 1.6 16V Etorq 11/... FIAT: Palio Weekend 1.8 8V Powertrain 04/... FIAT: Stilo 1.8 16V 02/05 FIAT: Stilo 1.8 8V 02/... FIAT: Strada 1.3 8V 03/... FIAT: Strada 1.4 8V 08/... FIAT: Strada 1.4 8V 09/12 FIAT: Strada 1.6 16V 98/... FIAT: Strada 1.8 8V 08/... FIAT: Tempra 2.0 8V / 2.0 16V 94/98 | P28: =IFERROR(VLOOKUP($A28,Lista_Starke!$A:$E,2,0),"NÃO ESTÁ NA LISTA") -> CILINDRO DE RODA LE/LD
A29: SCC2073 | B29: =IFERROR(VLOOKUP(A29,Pedido!$A:$B,2,0),"") | C29: =IF(B29="","NÃO COMPRA","COMPRA") -> NÃO COMPRA | D29: =IFERROR(VLOOKUP(A29,Pedido!$A:$C,3,0),0) -> 0 | E29: =IFERROR(VLOOKUP(A29,Pedido!$A:$E,5,0),0) -> 0 | F29: A | G29: CILINDRO MESTRE DE EMBREAGEM RENAULT | H29: CILINDRO MESTRE DE EMBREAGEM | I29: RENAULT | K29: 2503 | L29: 0.2318102 | M29: =SUMIF(Relatorio_AK!$A:$A,A29,Relatorio_AK!$B:$B) -> 2503 | N29: =IF(M29=K29,"OK","DIF") -> OK | O29: =IFERROR(VLOOKUP($A29,Lista_Starke!$A:$E,3,0),"NÃO ESTÁ NA LISTA") -> RENAULT: Logan 1.0 12V B4D 17/... RENAULT: Logan 1.6 8V K7M 14/... RENAULT: Sandero 1.0 12V B4D 17/... RENAULT: Sandero 1.6 8V K7M 14/... | P29: =IFERROR(VLOOKUP($A29,Lista_Starke!$A:$E,2,0),"NÃO ESTÁ NA LISTA") -> CILINDRO MESTRE DE EMBREAGEM
A30: SBC1005 | B30: =IFERROR(VLOOKUP(A30,Pedido!$A:$B,2,0),"") | C30: =IF(B30="","NÃO COMPRA","COMPRA") -> NÃO COMPRA | D30: =IFERROR(VLOOKUP(A30,Pedido!$A:$C,3,0),0) -> 0 | E30: =IFERROR(VLOOKUP(A30,Pedido!$A:$E,5,0),0) -> 0 | F30: A | G30: CILINDRO MESTRE DE FREIO VW | H30: CILINDRO MESTRE DE FREIO | I30: VOLKSWAGEN | J30: 0986AB8602 (BOSCH) | 30561101513 (OEM) | 5849 (ATE) | C2000 (CONTROIL) | RCCD00680 (TRW) | K30: 2390 | L30: 0.23589597 | M30: =SUMIF(Relatorio_AK!$A:$A,A30,Relatorio_AK!$B:$B) -> 2390 | N30: =IF(M30=K30,"OK","DIF") -> OK | O30: =IFERROR(VLOOKUP($A30,Lista_Starke!$A:$E,3,0),"NÃO ESTÁ NA LISTA") -> VOLKSWAGEN: Gol G1 85/96 VOLKSWAGEN: Gol G2 1.0 / 1.6 / 1.8 95/01 VOLKSWAGEN: Gol G2 1.0 02/05 VOLKSWAGEN: Gol G3 1.0 / 1.6 / 1.8 00 VOLKSWAGEN: Parati G1 85/96 VOLKSWAGEN: Saveiro G1 85/97 VOLKSWAGEN: Voyage G1 85/96 | P30: =IFERROR(VLOOKUP($A30,Lista_Starke!$A:$E,2,0),"NÃO ESTÁ NA LISTA") -> CILINDRO MESTRE DE FREIO
A31: SBC1042 | B31: =IFERROR(VLOOKUP(A31,Pedido!$A:$B,2,0),"") | C31: =IF(B31="","NÃO COMPRA","COMPRA") -> NÃO COMPRA | D31: =IFERROR(VLOOKUP(A31,Pedido!$A:$C,3,0),0) -> 0 | E31: =IFERROR(VLOOKUP(A31,Pedido!$A:$E,5,0),0) -> 0 | F31: A | G31: CILINDRO MESTRE DE FREIO GM | H31: CILINDRO MESTRE DE FREIO | I31: GM | K31: 2389 | L31: 0.23998003 | M31: =SUMIF(Relatorio_AK!$A:$A,A31,Relatorio_AK!$B:$B) -> 2389 | N31: =IF(M31=K31,"OK","DIF") -> OK | O31: =IFERROR(VLOOKUP($A31,Lista_Starke!$A:$E,3,0),"NÃO ESTÁ NA LISTA") -> GM: Cobalt 1.8 8V 13/... GM: Cobalt 1.8 8V 17/... GM: Onix 1.0 8V / 1.4 8V 13/... GM: Onix 1.0 8V / 1.4 8V 17/... GM: Prisma 1.0 8V / 1.4 8V 13/... GM: Prisma 1.0 8V / 1.4 8V 17/... | P31: =IFERROR(VLOOKUP($A31,Lista_Starke!$A:$E,2,0),"NÃO ESTÁ NA LISTA") -> CILINDRO MESTRE DE FREIO
A32: SWC5011 | B32: =IFERROR(VLOOKUP(A32,Pedido!$A:$B,2,0),"") | C32: =IF(B32="","NÃO COMPRA","COMPRA") -> NÃO COMPRA | D32: =IFERROR(VLOOKUP(A32,Pedido!$A:$C,3,0),0) -> 0 | E32: =IFERROR(VLOOKUP(A32,Pedido!$A:$E,5,0),0) -> 0 | F32: A | G32: CILINDRO DE RODA LE/LD GM | H32: CILINDRO DE RODA | I32: GM | J32: 0986AB8656 (BOSCH) | 95018639 (OEM) | 95231320 (OEM) | BWD6000 (TRW) | C3426 (CONTROIL) | CCR92267 (FORTEC) | K32: 2282 | L32: 0.24388117 | M32: =SUMIF(Relatorio_AK!$A:$A,A32,Relatorio_AK!$B:$B) -> 2282 | N32: =IF(M32=K32,"OK","DIF") -> OK | O32: =IFERROR(VLOOKUP($A32,Lista_Starke!$A:$E,3,0),"NÃO ESTÁ NA LISTA") -> GM: Cobalt 1.8 8V 13/... GM: Cobalt 1.8 8V 17/... GM: Onix 1.0 8V / 1.4 8V 13/... GM: Onix 1.0 8V / 1.4 8V 17/... GM: Prisma 1.0 8V / 1.4 8V 13/... GM: Prisma 1.0 8V / 1.4 8V 17/... GM: Sonic 1.6 16V 12/14 | P32: =IFERROR(VLOOKUP($A32,Lista_Starke!$A:$E,2,0),"NÃO ESTÁ NA LISTA") -> CILINDRO DE RODA LE/LD
A33: SSC3024 | B33: =IFERROR(VLOOKUP(A33,Pedido!$A:$B,2,0),"") | C33: =IF(B33="","NÃO COMPRA","COMPRA") -> NÃO COMPRA | D33: =IFERROR(VLOOKUP(A33,Pedido!$A:$C,3,0),0) -> 0 | E33: =IFERROR(VLOOKUP(A33,Pedido!$A:$E,5,0),0) -> 0 | F33: A | G33: CILINDRO AUXILIAR DE EMBREAGEM JAC | H33: CILINDRO AUXILIAR DE EMBREAGEM | I33: JAC MOTORS | K33: 2255 | L33: 0.24773616 | M33: =SUMIF(Relatorio_AK!$A:$A,A33,Relatorio_AK!$B:$B) -> 2255 | N33: =IF(M33=K33,"OK","DIF") -> OK | O33: =IFERROR(VLOOKUP($A33,Lista_Starke!$A:$E,3,0),"NÃO ESTÁ NA LISTA") -> JAC MOTORS: J2 1.4 16V 11/... JAC MOTORS: J3 1.4 16V 11/... JAC MOTORS: J5 1.4 16V 11/... | P33: =IFERROR(VLOOKUP($A33,Lista_Starke!$A:$E,2,0),"NÃO ESTÁ NA LISTA") -> CILINDRO AUXILIAR DE EMBREAGEM
A34: SCC2083 | B34: =IFERROR(VLOOKUP(A34,Pedido!$A:$B,2,0),"") | C34: =IF(B34="","NÃO COMPRA","COMPRA") -> NÃO COMPRA | D34: =IFERROR(VLOOKUP(A34,Pedido!$A:$C,3,0),0) -> 0 | E34: =IFERROR(VLOOKUP(A34,Pedido!$A:$E,5,0),0) -> 0 | F34: A | G34: CILINDRO MESTRE DE EMBREAGEM GM | H34: CILINDRO MESTRE DE EMBREAGEM | I34: GM | K34: 2204 | L34: 0.25150396 | M34: =SUMIF(Relatorio_AK!$A:$A,A34,Relatorio_AK!$B:$B) -> 2204 | N34: =IF(M34=K34,"OK","DIF") -> OK | O34: =IFERROR(VLOOKUP($A34,Lista_Starke!$A:$E,3,0),"NÃO ESTÁ NA LISTA") -> GM: Onix 1.0 12V 3 cil Aspirado 20/... GM: Onix 1.0 12V 3 cil Turbo 20/... GM: Tracker 1.0 12V 3 cil Turbo 20/... GM: Tracker 1.2 12V 3 cil Turbo 20/... | P34: =IFERROR(VLOOKUP($A34,Lista_Starke!$A:$E,2,0),"NÃO ESTÁ NA LISTA") -> CILINDRO MESTRE DE EMBREAGEM
A35: SWC5013 | B35: =IFERROR(VLOOKUP(A35,Pedido!$A:$B,2,0),"") -> SWC 5013 | C35: =IF(B35="","NÃO COMPRA","COMPRA") -> COMPRA | D35: =IFERROR(VLOOKUP(A35,Pedido!$A:$C,3,0),0) -> 20 | E35: =IFERROR(VLOOKUP(A35,Pedido!$A:$E,5,0),0) -> 637.6 | F35: A | G35: CILINDRO DE RODA LE/LD FIAT | H35: CILINDRO DE RODA | I35: FIAT | J35: 6987 (ATE) | 7088827 (OEM) | C3429 (CONTROIL) | CCR92283 (FORTEC) | K35: 2162 | L35: 0.25519995 | M35: =SUMIF(Relatorio_AK!$A:$A,A35,Relatorio_AK!$B:$B) -> 2162 | N35: =IF(M35=K35,"OK","DIF") -> OK | O35: =IFERROR(VLOOKUP($A35,Lista_Starke!$A:$E,3,0),"NÃO ESTÁ NA LISTA") -> FIAT: Argo 1.0 6V 3cil / 1.3 8V / 1.8 16V 17/... FIAT: Grand Siena 1.4 8V / 1.6 16V 12/... FIAT: Palio 1.0 8V / 1.4 8V / 1.6 16V 12/... FIAT: Uno 1.0 8V 11/... | P35: =IFERROR(VLOOKUP($A35,Lista_Starke!$A:$E,2,0),"NÃO ESTÁ NA LISTA") -> CILINDRO DE RODA LE/LD
A36: SBC1099 | B36: =IFERROR(VLOOKUP(A36,Pedido!$A:$B,2,0),"") | C36: =IF(B36="","NÃO COMPRA","COMPRA") -> NÃO COMPRA | D36: =IFERROR(VLOOKUP(A36,Pedido!$A:$C,3,0),0) -> 0 | E36: =IFERROR(VLOOKUP(A36,Pedido!$A:$E,5,0),0) -> 0 | F36: A | G36: CILINDRO MESTRE DE FREIO GM | H36: CILINDRO MESTRE DE FREIO | I36: GM | J36: 0986AB8570 (BOSCH) | 6476 (ATE) | 94735981 (OEM) | C-2174 (CONTROIL) | PMF6000 (TRW) | K36: 2119 | L36: 0.25882244 | M36: =SUMIF(Relatorio_AK!$A:$A,A36,Relatorio_AK!$B:$B) -> 2119 | N36: =IF(M36=K36,"OK","DIF") -> OK | O36: =IFERROR(VLOOKUP($A36,Lista_Starke!$A:$E,3,0),"NÃO ESTÁ NA LISTA") -> GM: Agile 1.4 11/... GM: Corsa Classic 1.0 08/... GM: Montana 1.4 11/13 | P36: =IFERROR(VLOOKUP($A36,Lista_Starke!$A:$E,2,0),"NÃO ESTÁ NA LISTA") -> CILINDRO MESTRE DE FREIO
A37: SCC2058 | B37: =IFERROR(VLOOKUP(A37,Pedido!$A:$B,2,0),"") | C37: =IF(B37="","NÃO COMPRA","COMPRA") -> NÃO COMPRA | D37: =IFERROR(VLOOKUP(A37,Pedido!$A:$C,3,0),0) -> 0 | E37: =IFERROR(VLOOKUP(A37,Pedido!$A:$E,5,0),0) -> 0 | F37: A | G37: CILINDRO MESTRE DE EMBREAGEM RENAULT | H37: CILINDRO MESTRE DE EMBREAGEM | I37: RENAULT | J37: 6001548446 (RENAULT) | 8200424004 (RENAULT) | 8200424007 (RENAULT) | K37: 2113 | L37: 0.26243467 | M37: =SUMIF(Relatorio_AK!$A:$A,A37,Relatorio_AK!$B:$B) -> 2113 | N37: =IF(M37=K37,"OK","DIF") -> OK | O37: =IFERROR(VLOOKUP($A37,Lista_Starke!$A:$E,3,0),"NÃO ESTÁ NA LISTA") -> RENAULT: Duster 1.6 16V 13/15 RENAULT: Duster 2.0 16V 13/15 | P37: =IFERROR(VLOOKUP($A37,Lista_Starke!$A:$E,2,0),"NÃO ESTÁ NA LISTA") -> CILINDRO MESTRE DE EMBREAGEM
A38: SOC9000 | B38: =IFERROR(VLOOKUP(A38,Pedido!$A:$B,2,0),"") | C38: =IF(B38="","NÃO COMPRA","COMPRA") -> NÃO COMPRA | D38: =IFERROR(VLOOKUP(A38,Pedido!$A:$C,3,0),0) -> 0 | E38: =IFERROR(VLOOKUP(A38,Pedido!$A:$E,5,0),0) -> 0 | F38: A | G38: RESFRIADOR OLEO FIAT | H38: RESFRIADOR DE ÓLEO CÂMBIO | I38: BMW / FIAT / JEEP / MINI | J38: 7089720 (OEM) | K38: 2094 | L38: 0.26601442 | M38: =SUMIF(Relatorio_AK!$A:$A,A38,Relatorio_AK!$B:$B) -> 2094 | N38: =IF(M38=K38,"OK","DIF") -> OK | O38: =IFERROR(VLOOKUP($A38,Lista_Starke!$A:$E,3,0),"NÃO ESTÁ NA LISTA") -> BMW: X1 2.0 16V 14/17 BMW: X2 1.5 12V 17/19 BMW: X2 2.0 16V 18/19 FIAT: Argo 1.3 8V 18/... FIAT: Argo 1.8 16V 17/... FIAT: Cronos 1.3 8V 18/... FIAT: Cronos 1.8 16V 18/... FIAT: Fastback 1.3 16V Turbo 23/... FIAT: Pulse 1.3 16V Turbo 22/... FIAT: Toro 1.3 16V Turbo 21/... FIAT: Toro 1.8 16V 16/... FIAT: Toro 2.0 16V Diesel 16/... FIAT: Toro 2.4 16V 16/... JEEP: Commander 1.3 16V Turbo 22/... JEEP: Compass 1.3 16V Turbo 21/... JEEP: Renegade 1.3 16V Turbo 21/... JEEP: Renegade 1.8 16V 15/... JEEP: Renegade 2.0 16V Diesel 16/... MINI: Clubman 2.0 16V 14/19 MINI: Cooper 1.2 12V / 1.5 12V / 2.0 16V 13/19 MINI: Countryman 1.5 12V / 2.0 16V 17/21 | P38: =IFERROR(VLOOKUP($A38,Lista_Starke!$A:$E,2,0),"NÃO ESTÁ NA LISTA") -> RESFRIADOR DE ÓLEO CÂMBIO
A39: SBS8000 | B39: =IFERROR(VLOOKUP(A39,Pedido!$A:$B,2,0),"") | C39: =IF(B39="","NÃO COMPRA","COMPRA") -> NÃO COMPRA | D39: =IFERROR(VLOOKUP(A39,Pedido!$A:$C,3,0),0) -> 0 | E39: =IFERROR(VLOOKUP(A39,Pedido!$A:$E,5,0),0) -> 0 | F39: A | G39: SAPATA DE FREIO FIAT | H39: SAPATA DE FREIO | I39: FIAT | J39: 0504CPA (COBREQ) | 203001 (SYL) | BPSA0090138 (MAZZICAR) | FI97CP (FRAS-LE) | HQJ502 (JURID) | K39: 2065 | L39: 0.2695446 | M39: =SUMIF(Relatorio_AK!$A:$A,A39,Relatorio_AK!$B:$B) -> 2065 | N39: =IF(M39=K39,"OK","DIF") -> OK | O39: =IFERROR(VLOOKUP($A39,Lista_Starke!$A:$E,3,0),"NÃO ESTÁ NA LISTA") -> FIAT: Mobi 1.0 12V 16/18 FIAT: Palio 1.0 / 1.3 / 1.5 / 1.6 96/03 FIAT: Palio 1.0 / 1.6 12/... FIAT: Palio 1.4 09/10 FIAT: Palio 1.8 8V 03/04 FIAT: Palio 1.8 8V 09/10 FIAT: Siena 1.0 / 1.4 13/... FIAT: Siena 1.0 / 1.6 96/03 FIAT: Uno 1.0 10/... FIAT: Uno 1.0 Economy 09/... FIAT: Uno 1.0 Fire 08/... | P39: =IFERROR(VLOOKUP($A39,Lista_Starke!$A:$E,2,0),"NÃO ESTÁ NA LISTA") -> SAPATA DE FREIO
A40: SBC1117 | B40: =IFERROR(VLOOKUP(A40,Pedido!$A:$B,2,0),"") -> SBC 1117 | C40: =IF(B40="","NÃO COMPRA","COMPRA") -> COMPRA | D40: =IFERROR(VLOOKUP(A40,Pedido!$A:$C,3,0),0) -> 6 | E40: =IFERROR(VLOOKUP(A40,Pedido!$A:$E,5,0),0) -> 679.14 | F40: A | G40: CILINDRO MESTRE DE FREIO GM | H40: CILINDRO MESTRE DE FREIO | I40: GM | J40: 6953 (ATE) | 94766501 (OEM) | C2221 (CONTROIL) | K40: 2053 | L40: 0.27305426 | M40: =SUMIF(Relatorio_AK!$A:$A,A40,Relatorio_AK!$B:$B) -> 2053 | N40: =IF(M40=K40,"OK","DIF") -> OK | O40: =IFERROR(VLOOKUP($A40,Lista_Starke!$A:$E,3,0),"NÃO ESTÁ NA LISTA") -> GM: Montana 1.4 8V 12/... | P40: =IFERROR(VLOOKUP($A40,Lista_Starke!$A:$E,2,0),"NÃO ESTÁ NA LISTA") -> CILINDRO MESTRE DE FREIO
A41: SCC2028 | B41: =IFERROR(VLOOKUP(A41,Pedido!$A:$B,2,0),"") | C41: =IF(B41="","NÃO COMPRA","COMPRA") -> NÃO COMPRA | D41: =IFERROR(VLOOKUP(A41,Pedido!$A:$C,3,0),0) -> 0 | E41: =IFERROR(VLOOKUP(A41,Pedido!$A:$E,5,0),0) -> 0 | F41: A | G41: CILINDRO MESTRE DE EMBREAGEM FIAT | H41: CILINDRO MESTRE DE EMBREAGEM | I41: CITROEN / FIAT / PEUGEOT | K41: 2033 | L41: 0.27652973 | M41: =SUMIF(Relatorio_AK!$A:$A,A41,Relatorio_AK!$B:$B) -> 2033 | N41: =IF(M41=K41,"OK","DIF") -> OK | O41: =IFERROR(VLOOKUP($A41,Lista_Starke!$A:$E,3,0),"NÃO ESTÁ NA LISTA") -> CITROEN: Jumper 2.3 16V Diesel F1 06/ FIAT: Ducato 2.3 16V Multijet Diesel F1 10/… FIAT: Ducato 2.8 Turbo Diesel 06/... PEUGEOT: Boxer 2.3 16V Diesel F1 06/… | P41: =IFERROR(VLOOKUP($A41,Lista_Starke!$A:$E,2,0),"NÃO ESTÁ NA LISTA") -> CILINDRO MESTRE DE EMBREAGEM
A42: SWC5034 | B42: =IFERROR(VLOOKUP(A42,Pedido!$A:$B,2,0),"") | C42: =IF(B42="","NÃO COMPRA","COMPRA") -> NÃO COMPRA | D42: =IFERROR(VLOOKUP(A42,Pedido!$A:$C,3,0),0) -> 0 | E42: =IFERROR(VLOOKUP(A42,Pedido!$A:$E,5,0),0) -> 0 | F42: A | G42: CILINDRO DE RODA LE/LD VW | H42: CILINDRO DE RODA | I42: VOLKSWAGEN | J42: 0986AB8498 (BOSCH) | 5U0611053A (OEM) | 5U0611053C (OEM) | 7600 (ATE) | C3527 (CONTROIL) | CCR92261 (FORTEC) | RCCR03510 (TRW) | K42: 1989 | L42: 0.27992998 | M42: =SUMIF(Relatorio_AK!$A:$A,A42,Relatorio_AK!$B:$B) -> 1989 | N42: =IF(M42=K42,"OK","DIF") -> OK | O42: =IFERROR(VLOOKUP($A42,Lista_Starke!$A:$E,3,0),"NÃO ESTÁ NA LISTA") -> VOLKSWAGEN: Gol G5 1.0 /1.6 09/... VOLKSWAGEN: Gol G6 1.0 Flex 12/16 VOLKSWAGEN: Gol G6 1.6 16V 12/16 VOLKSWAGEN: Gol G6 1.6 8V 14/21 VOLKSWAGEN: Voyage 1.0 / 1.6 08/... | P42: =IFERROR(VLOOKUP($A42,Lista_Starke!$A:$E,2,0),"NÃO ESTÁ NA LISTA") -> CILINDRO DE RODA LE/LD
A43: SBC1083 | B43: =IFERROR(VLOOKUP(A43,Pedido!$A:$B,2,0),"") | C43: =IF(B43="","NÃO COMPRA","COMPRA") -> NÃO COMPRA | D43: =IFERROR(VLOOKUP(A43,Pedido!$A:$C,3,0),0) -> 0 | E43: =IFERROR(VLOOKUP(A43,Pedido!$A:$E,5,0),0) -> 0 | F43: A | G43: CILINDRO MESTRE DE FREIO HYUNDA | H43: CILINDRO MESTRE DE FREIO | I43: HYUNDAI | J43: 585101S300 (OEM) | 7661 (ATE) | C2244 (CONTROIL) | K43: 1892 | L43: 0.2831644 | M43: =SUMIF(Relatorio_AK!$A:$A,A43,Relatorio_AK!$B:$B) -> 1892 | N43: =IF(M43=K43,"OK","DIF") -> OK | O43: =IFERROR(VLOOKUP($A43,Lista_Starke!$A:$E,3,0),"NÃO ESTÁ NA LISTA") -> HYUNDAI: HB20 1.0 12V 3 cil 12/... HYUNDAI: HB20 1.6 16V 12/... | P43: =IFERROR(VLOOKUP($A43,Lista_Starke!$A:$E,2,0),"NÃO ESTÁ NA LISTA") -> CILINDRO MESTRE DE FREIO
A44: SSC3034 | B44: =IFERROR(VLOOKUP(A44,Pedido!$A:$B,2,0),"") | C44: =IF(B44="","NÃO COMPRA","COMPRA") -> NÃO COMPRA | D44: =IFERROR(VLOOKUP(A44,Pedido!$A:$C,3,0),0) -> 0 | E44: =IFERROR(VLOOKUP(A44,Pedido!$A:$E,5,0),0) -> 0 | F44: A | G44: CILINDRO AUXILIAR DE EMBREAGEM VW | H44: CILINDRO AUXILIAR DE EMBREAGEM | I44: VOLKSWAGEN | K44: 1889 | L44: 0.2863937 | M44: =SUMIF(Relatorio_AK!$A:$A,A44,Relatorio_AK!$B:$B) -> 1889 | N44: =IF(M44=K44,"OK","DIF") -> OK | O44: =IFERROR(VLOOKUP($A44,Lista_Starke!$A:$E,3,0),"NÃO ESTÁ NA LISTA") -> VOLKSWAGEN: Up 1.0 12V 14/... VOLKSWAGEN: Up 1.0 12V 3cil TSI 14/... | P44: =IFERROR(VLOOKUP($A44,Lista_Starke!$A:$E,2,0),"NÃO ESTÁ NA LISTA") -> CILINDRO AUXILIAR DE EMBREAGEM
A45: SVP6029 | B45: =IFERROR(VLOOKUP(A45,Pedido!$A:$B,2,0),"") | C45: =IF(B45="","NÃO COMPRA","COMPRA") -> NÃO COMPRA | D45: =IFERROR(VLOOKUP(A45,Pedido!$A:$C,3,0),0) -> 0 | E45: =IFERROR(VLOOKUP(A45,Pedido!$A:$E,5,0),0) -> 0 | F45: A | G45: BOMBA DE VÁCUO GM | H45: BOMBA DE VÁCUO | I45: GM | K45: 1835 | L45: 0.28953068 | M45: =SUMIF(Relatorio_AK!$A:$A,A45,Relatorio_AK!$B:$B) -> 1835 | N45: =IF(M45=K45,"OK","DIF") -> OK | O45: =IFERROR(VLOOKUP($A45,Lista_Starke!$A:$E,3,0),"NÃO ESTÁ NA LISTA") -> GM: Montana 1.2 12V 3 cil Turbo 23/... GM: Onix 1.0 12V 3 cil Turbo 20/... GM: Onix Plus 1.0.12V 3 cil Turbo 20/... GM: Tracker 1.0 12V 3 cil Turbo 20/... GM: Tracker 1.2 12V 3 cil Turbo 20/... | P45: =IFERROR(VLOOKUP($A45,Lista_Starke!$A:$E,2,0),"NÃO ESTÁ NA LISTA") -> BOMBA DE VÁCUO
A46: SCC2066 | B46: =IFERROR(VLOOKUP(A46,Pedido!$A:$B,2,0),"") | C46: =IF(B46="","NÃO COMPRA","COMPRA") -> NÃO COMPRA | D46: =IFERROR(VLOOKUP(A46,Pedido!$A:$C,3,0),0) -> 0 | E46: =IFERROR(VLOOKUP(A46,Pedido!$A:$E,5,0),0) -> 0 | F46: A | G46: CILINDRO MESTRE DE EMBREAGEM JAC | H46: CILINDRO MESTRE DE EMBREAGEM | I46: JAC MOTORS | K46: 1830 | L46: 0.29265912 | M46: =SUMIF(Relatorio_AK!$A:$A,A46,Relatorio_AK!$B:$B) -> 1830 | N46: =IF(M46=K46,"OK","DIF") -> OK | O46: =IFERROR(VLOOKUP($A46,Lista_Starke!$A:$E,3,0),"NÃO ESTÁ NA LISTA") -> JAC MOTORS: J2 1.4 16V 11/... JAC MOTORS: J3 1.4 16V 11/... JAC MOTORS: J5 1.4 16V 11/... | P46: =IFERROR(VLOOKUP($A46,Lista_Starke!$A:$E,2,0),"NÃO ESTÁ NA LISTA") -> CILINDRO MESTRE DE EMBREAGEM
A47: SCC2065 | B47: =IFERROR(VLOOKUP(A47,Pedido!$A:$B,2,0),"") | C47: =IF(B47="","NÃO COMPRA","COMPRA") -> NÃO COMPRA | D47: =IFERROR(VLOOKUP(A47,Pedido!$A:$C,3,0),0) -> 0 | E47: =IFERROR(VLOOKUP(A47,Pedido!$A:$E,5,0),0) -> 0 | F47: A | G47: CILINDRO MESTRE DE EMBREAGEM HONDA | H47: CILINDRO MESTRE DE EMBREAGEM | I47: HONDA | J47: 46920SNAA02 (OEM) | C2679 (CONTROIL) | K47: 1823 | L47: 0.29577559 | M47: =SUMIF(Relatorio_AK!$A:$A,A47,Relatorio_AK!$B:$B) -> 1823 | N47: =IF(M47=K47,"OK","DIF") -> OK | O47: =IFERROR(VLOOKUP($A47,Lista_Starke!$A:$E,3,0),"NÃO ESTÁ NA LISTA") -> HONDA: New Civic 1.8 16V 06/11 | P47: =IFERROR(VLOOKUP($A47,Lista_Starke!$A:$E,2,0),"NÃO ESTÁ NA LISTA") -> CILINDRO MESTRE DE EMBREAGEM
A48: SBS8019 | B48: =IFERROR(VLOOKUP(A48,Pedido!$A:$B,2,0),"") | C48: =IF(B48="","NÃO COMPRA","COMPRA") -> NÃO COMPRA | D48: =IFERROR(VLOOKUP(A48,Pedido!$A:$C,3,0),0) -> 0 | E48: =IFERROR(VLOOKUP(A48,Pedido!$A:$E,5,0),0) -> 0 | F48: A | G48: SAPATA DE FREIO FIAT | H48: SAPATA DE FREIO | I48: FIAT | J48: 203020 (SYL) | 2717CPA (COBREQ) | BPSA0090146 (MAZZICAR) | FI219CPA (FRAS-LE) | K48: 1801 | L48: 0.29885445 | M48: =SUMIF(Relatorio_AK!$A:$A,A48,Relatorio_AK!$B:$B) -> 1801 | N48: =IF(M48=K48,"OK","DIF") -> OK | O48: =IFERROR(VLOOKUP($A48,Lista_Starke!$A:$E,3,0),"NÃO ESTÁ NA LISTA") -> FIAT: Argo 1.0 6V 3 cil. 17/... FIAT: Argo 1.3 8V 17/... FIAT: Argo 1.8 16V 17/... FIAT: Cronos 1.3 8V 18/... FIAT: Cronos 1.8 16V 18/... FIAT: Grand Siena 1.4 8V 12/... FIAT: Grand Siena 1.6 16V 12/... FIAT: Palio 1.0 / 1.4 12/... FIAT: Palio 1.6 Etorq 12/... FIAT: Pulse 1.3 16V Turbo 22/... FIAT: Punto 1.4 8V 08/... FIAT: Punto 1.6 16V Etorq 11/... FIAT: Uno 1.0 8V c/ ABS 10/... FIAT: Uno 1.4 8V 10/... | P48: =IFERROR(VLOOKUP($A48,Lista_Starke!$A:$E,2,0),"NÃO ESTÁ NA LISTA") -> SAPATA DE FREIO
A49: SVP6028 | B49: =IFERROR(VLOOKUP(A49,Pedido!$A:$B,2,0),"") | C49: =IF(B49="","NÃO COMPRA","COMPRA") -> NÃO COMPRA | D49: =IFERROR(VLOOKUP(A49,Pedido!$A:$C,3,0),0) -> 0 | E49: =IFERROR(VLOOKUP(A49,Pedido!$A:$E,5,0),0) -> 0 | F49: A | G49: BOMBA DE VÁCUO GM | H49: BOMBA DE VÁCUO | I49: GM | K49: 1796 | L49: 0.30192476 | M49: =SUMIF(Relatorio_AK!$A:$A,A49,Relatorio_AK!$B:$B) -> 1796 | N49: =IF(M49=K49,"OK","DIF") -> OK | O49: =IFERROR(VLOOKUP($A49,Lista_Starke!$A:$E,3,0),"NÃO ESTÁ NA LISTA") -> GM: Onix 1.0 12V 3 cil Aspirado 20/... GM: Onix Plus 1.0 12V 3 cil Aspirado 20/... | P49: =IFERROR(VLOOKUP($A49,Lista_Starke!$A:$E,2,0),"NÃO ESTÁ NA LISTA") -> BOMBA DE VÁCUO
A50: SCS4031 | B50: =IFERROR(VLOOKUP(A50,Pedido!$A:$B,2,0),"") | C50: =IF(B50="","NÃO COMPRA","COMPRA") -> NÃO COMPRA | D50: =IFERROR(VLOOKUP(A50,Pedido!$A:$C,3,0),0) -> 0 | E50: =IFERROR(VLOOKUP(A50,Pedido!$A:$E,5,0),0) -> 0 | F50: A | G50: ATUADOR DE EMBREAGEM NISSAN/RENAULT | H50: ATUADOR DE EMBREAGEM | I50: NISSAN / RENAULT | J50: 1100930 (VALEO) | 510009710 (LUK) | ZA300741 (FTE) | K50: 1791 | L50: 0.30498652 | M50: =SUMIF(Relatorio_AK!$A:$A,A50,Relatorio_AK!$B:$B) -> 1791 | N50: =IF(M50=K50,"OK","DIF") -> OK | O50: =IFERROR(VLOOKUP($A50,Lista_Starke!$A:$E,3,0),"NÃO ESTÁ NA LISTA") -> NISSAN: Kicks 1.6 16V 16/... NISSAN: Livina 1.6 16V K4M 11/... NISSAN: March 1.0 12V 3cil HR10DE 14/... NISSAN: March 1.0 16V 11/13 NISSAN: March 1.6 16V HR16DE 11/... NISSAN: Versa 1.0 12V 3cil HR10DE 14/... NISSAN: Versa 1.6 16V HR16DE 11/... RENAULT: Captur 1.3 3cil Turbo H5H470 20/... RENAULT: Captur 1.6 16V H4M 17/... RENAULT: Duster 1.6 16V H4M 17/... RENAULT: Duster 1.6 16V K4M 11/16 RENAULT: Logan 1.0 12V 3 cil B4D 17/... RENAULT: Logan 1.6 16V H4M 17/... RENAULT: Oroch 1.6 16V JH3 15/... RENAULT: Sandero 1.0 12V 3cil B4D 17/... RENAULT: Sandero 1.6 16V H4M 17/... | P50: =IFERROR(VLOOKUP($A50,Lista_Starke!$A:$E,2,0),"NÃO ESTÁ NA LISTA") -> ATUADOR DE EMBREAGEM
A51: SWC5003R | B51: =IFERROR(VLOOKUP(A51,Pedido!$A:$B,2,0),"") | C51: =IF(B51="","NÃO COMPRA","COMPRA") -> NÃO COMPRA | D51: =IFERROR(VLOOKUP(A51,Pedido!$A:$C,3,0),0) -> 0 | E51: =IFERROR(VLOOKUP(A51,Pedido!$A:$E,5,0),0) -> 0 | F51: A | G51: CILINDRO DE RODA LD PEUGEOT | H51: CILINDRO DE RODA | I51: PEUGEOT | J51: 0986AB8039 (BOSCH) | 440298 (OEM) | 7602 (ATE) | 95668068 (OEM) | C3512 (CONTROIL) | CCR92236 (FORTEC) | CR2728 (BOSCH) | RCCR02960 (TRW) | K51: 1754 | L51: 0.30798503 | M51: =SUMIF(Relatorio_AK!$A:$A,A51,Relatorio_AK!$B:$B) -> 1754 | N51: =IF(M51=K51,"OK","DIF") -> OK | O51: =IFERROR(VLOOKUP($A51,Lista_Starke!$A:$E,3,0),"NÃO ESTÁ NA LISTA") -> PEUGEOT: 206 1.0 8V / 16V 01/... PEUGEOT: 206 1.4 8V 04/... PEUGEOT: 206 1.6 8V / 1.6 16V 99/... PEUGEOT: 207 1.4 8V 08/... PEUGEOT: 207 1.6 16V 08/... | P51: =IFERROR(VLOOKUP($A51,Lista_Starke!$A:$E,2,0),"NÃO ESTÁ NA LISTA") -> CILINDRO DE RODA LD
A52: SBC1122B | B52: =IFERROR(VLOOKUP(A52,Pedido!$A:$B,2,0),"") | C52: =IF(B52="","NÃO COMPRA","COMPRA") -> NÃO COMPRA | D52: =IFERROR(VLOOKUP(A52,Pedido!$A:$C,3,0),0) -> 0 | E52: =IFERROR(VLOOKUP(A52,Pedido!$A:$E,5,0),0) -> 0 | F52: A | G52: CILINDRO MESTRE DE FREIO GM | H52: CILINDRO MESTRE DE FREIO | I52: GM | K52: 1733 | L52: 0.31094764 | M52: =SUMIF(Relatorio_AK!$A:$A,A52,Relatorio_AK!$B:$B) -> 1733 | N52: =IF(M52=K52,"OK","DIF") -> OK | O52: =IFERROR(VLOOKUP($A52,Lista_Starke!$A:$E,3,0),"NÃO ESTÁ NA LISTA") -> GM: S10 2.5 Flex 15/... GM: S10 2.8 Turbodiedel 13/... GM: Trailblazer 2.8 Turbodiesel 13/... | P52: =IFERROR(VLOOKUP($A52,Lista_Starke!$A:$E,2,0),"NÃO ESTÁ NA LISTA") -> CILINDRO MESTRE DE FREIO
A53: SBS8001 | B53: =IFERROR(VLOOKUP(A53,Pedido!$A:$B,2,0),"") | C53: =IF(B53="","NÃO COMPRA","COMPRA") -> NÃO COMPRA | D53: =IFERROR(VLOOKUP(A53,Pedido!$A:$C,3,0),0) -> 0 | E53: =IFERROR(VLOOKUP(A53,Pedido!$A:$E,5,0),0) -> 0 | F53: A | G53: SAPATA DE FREIO FORD/GM | H53: SAPATA DE FREIO | I53: FORD / GM | J53: 201705 (SYL) | 2615CPA (COBREQ) | BPSA0097175 (MAZZICAR) | FD61CPA (FRAS-LE) | HQJ508A (JURID) | RRSA00710 (TRW) | K53: 1718 | L53: 0.31388461 | M53: =SUMIF(Relatorio_AK!$A:$A,A53,Relatorio_AK!$B:$B) -> 1718 | N53: =IF(M53=K53,"OK","DIF") -> OK | O53: =IFERROR(VLOOKUP($A53,Lista_Starke!$A:$E,3,0),"NÃO ESTÁ NA LISTA") -> FORD: Fiesta 1.0 / 1.3 / 1.4 / 1.6 96/... FORD: Ka 1.0 08/14 FORD: Ka 1.0 96/07 FORD: Ka 1.6 01/07 GM: Celta 1.0 / 1.4 01/... GM: Prisma 1.0 / 1.4 07/13 GM: Prisma 1.4 16/19 | P53: =IFERROR(VLOOKUP($A53,Lista_Starke!$A:$E,2,0),"NÃO ESTÁ NA LISTA") -> SAPATA DE FREIO
A54: SBS8018 | B54: =IFERROR(VLOOKUP(A54,Pedido!$A:$B,2,0),"") | C54: =IF(B54="","NÃO COMPRA","COMPRA") -> NÃO COMPRA | D54: =IFERROR(VLOOKUP(A54,Pedido!$A:$C,3,0),0) -> 0 | E54: =IFERROR(VLOOKUP(A54,Pedido!$A:$E,5,0),0) -> 0 | F54: A | G54: SAPATA DE FREIO GM | H54: SAPATA DE FREIO | I54: GM | J54: 201711 (SYL) | 2715CPA (COBREQ) | BPSA0094680 (MAZZICAR) | CB416CPA (FRAS-LE) | K54: 1701 | L54: 0.31679252 | M54: =SUMIF(Relatorio_AK!$A:$A,A54,Relatorio_AK!$B:$B) -> 1701 | N54: =IF(M54=K54,"OK","DIF") -> OK | O54: =IFERROR(VLOOKUP($A54,Lista_Starke!$A:$E,3,0),"NÃO ESTÁ NA LISTA") -> GM: Joy 1.0 20/21 GM: Joy Plus 1.0 20/21 GM: Onix 1.0 / 1.4 13/19 GM: Prisma 1.0 / 1.4 14/... | P54: =IFERROR(VLOOKUP($A54,Lista_Starke!$A:$E,2,0),"NÃO ESTÁ NA LISTA") -> SAPATA DE FREIO
A55: SBC1077 | B55: =IFERROR(VLOOKUP(A55,Pedido!$A:$B,2,0),"") | C55: =IF(B55="","NÃO COMPRA","COMPRA") -> NÃO COMPRA | D55: =IFERROR(VLOOKUP(A55,Pedido!$A:$C,3,0),0) -> 0 | E55: =IFERROR(VLOOKUP(A55,Pedido!$A:$E,5,0),0) -> 0 | F55: A | G55: CILINDRO MESTE FREIO HYUNDAI | H55: CILINDRO MESTRE DE FREIO | I55: HYUNDAI / KIA | K55: 1677 | L55: 0.31965939 | M55: =SUMIF(Relatorio_AK!$A:$A,A55,Relatorio_AK!$B:$B) -> 1677 | N55: =IF(M55=K55,"OK","DIF") -> OK | O55: =IFERROR(VLOOKUP($A55,Lista_Starke!$A:$E,3,0),"NÃO ESTÁ NA LISTA") -> HYUNDAI: i30 2.0 16V 08/12 KIA: Cerato 1.6 16V 10/13 KIA: Cerato 2.0 16V 10/13 | P55: =IFERROR(VLOOKUP($A55,Lista_Starke!$A:$E,2,0),"NÃO ESTÁ NA LISTA") -> CILINDRO MESTRE DE FREIO
A56: SSC3006 | B56: =IFERROR(VLOOKUP(A56,Pedido!$A:$B,2,0),"") | C56: =IF(B56="","NÃO COMPRA","COMPRA") -> NÃO COMPRA | D56: =IFERROR(VLOOKUP(A56,Pedido!$A:$C,3,0),0) -> 0 | E56: =IFERROR(VLOOKUP(A56,Pedido!$A:$E,5,0),0) -> 0 | F56: A | G56: CILINDRO AUXILIAR DE EMBREAGEM HYUNDAI | H56: CILINDRO AUXILIAR DE EMBREAGEM | I56: HYUNDAI / KIA | J56: C2732 (CONTROIL) | KN2005471 (FTE) | RCCE01630 (TRW) | K56: 1669 | L56: 0.32251259 | M56: =SUMIF(Relatorio_AK!$A:$A,A56,Relatorio_AK!$B:$B) -> 1669 | N56: =IF(M56=K56,"OK","DIF") -> OK | O56: =IFERROR(VLOOKUP($A56,Lista_Starke!$A:$E,3,0),"NÃO ESTÁ NA LISTA") -> HYUNDAI: Creta 1.6 16V Flex G4FC 17/... HYUNDAI: Elantra 1.6 16V 90/… HYUNDAI: Elantra 1.8 16V 96/99 HYUNDAI: Elantra 2.0 16V 00/… HYUNDAI: HB20 1.6 16V Flex G4FC 12/… HYUNDAI: i30 1.6 16V Flex G4FC 13/… HYUNDAI: i30 2.0 16V 07/… HYUNDAI: i30 CW 2.0 16V 10 HYUNDAI: iX35 2.0 16V 10/… HYUNDAI: Tucson 2.0 16V 04/… HYUNDAI: Veloster 1.6 16V Flex G4FC 12/… KIA: Carens 2.0 16V 04/06 KIA: Cerato 1.6 16V G4FC 10/... KIA: Cerato 2.0 16V 06 KIA: Soul 1.6 16V 09/... KIA: Sportage 2.0 16V 07/… | P56: =IFERROR(VLOOKUP($A56,Lista_Starke!$A:$E,2,0),"NÃO ESTÁ NA LISTA") -> CILINDRO AUXILIAR DE EMBREAGEM
A57: SBC1142 | B57: =IFERROR(VLOOKUP(A57,Pedido!$A:$B,2,0),"") | C57: =IF(B57="","NÃO COMPRA","COMPRA") -> NÃO COMPRA | D57: =IFERROR(VLOOKUP(A57,Pedido!$A:$C,3,0),0) -> 0 | E57: =IFERROR(VLOOKUP(A57,Pedido!$A:$E,5,0),0) -> 0 | F57: A | G57: CILINDRO MESTRE DE FREIO TOYOTA | H57: CILINDRO MESTRE DE FREIO | I57: TOYOTA | J57: 0204054841 (BOSCH) | CM4841CR (BOSCH) | K57: 1639 | L57: 0.32531451 | M57: =SUMIF(Relatorio_AK!$A:$A,A57,Relatorio_AK!$B:$B) -> 1639 | N57: =IF(M57=K57,"OK","DIF") -> OK | O57: =IFERROR(VLOOKUP($A57,Lista_Starke!$A:$E,3,0),"NÃO ESTÁ NA LISTA") -> TOYOTA: Etios 1.3 16V 12/16 TOYOTA: Etios 1.5 16V 12/16 TOYOTA: Etios 1.5 16V Platinum 16/... | P57: =IFERROR(VLOOKUP($A57,Lista_Starke!$A:$E,2,0),"NÃO ESTÁ NA LISTA") -> CILINDRO MESTRE DE FREIO
A58: SSC3021 | B58: =IFERROR(VLOOKUP(A58,Pedido!$A:$B,2,0),"") | C58: =IF(B58="","NÃO COMPRA","COMPRA") -> NÃO COMPRA | D58: =IFERROR(VLOOKUP(A58,Pedido!$A:$C,3,0),0) -> 0 | E58: =IFERROR(VLOOKUP(A58,Pedido!$A:$E,5,0),0) -> 0 | F58: A | G58: CILINDRO AUXILIAR DE EMBREAGEM HONDA | H58: CILINDRO AUXILIAR DE EMBREAGEM | I58: HONDA | J58: 46930SNAA41 (OEM) | C2699 (CONTROIL) | D161023 (FTE) | K58: 1627 | L58: 0.32809591 | M58: =SUMIF(Relatorio_AK!$A:$A,A58,Relatorio_AK!$B:$B) -> 1627 | N58: =IF(M58=K58,"OK","DIF") -> OK | O58: =IFERROR(VLOOKUP($A58,Lista_Starke!$A:$E,3,0),"NÃO ESTÁ NA LISTA") -> HONDA: City 1.5 16V 09/13 HONDA: Civic 1.7 16V VTEC 01/05 HONDA: Fit 1.4 16V / 1.5 16V 09/13 HONDA: New City 1.5 16V 14/17 HONDA: New City 1.5 16V 18/21 HONDA: New Civic 1.8 16V 06/11 HONDA: New Fit 1.5 16V 14/17 HONDA: New Fit 1.5 16V 18/21 | P58: =IFERROR(VLOOKUP($A58,Lista_Starke!$A:$E,2,0),"NÃO ESTÁ NA LISTA") -> CILINDRO AUXILIAR DE EMBREAGEM
A59: SWC5000 | B59: =IFERROR(VLOOKUP(A59,Pedido!$A:$B,2,0),"") | C59: =IF(B59="","NÃO COMPRA","COMPRA") -> NÃO COMPRA | D59: =IFERROR(VLOOKUP(A59,Pedido!$A:$C,3,0),0) -> 0 | E59: =IFERROR(VLOOKUP(A59,Pedido!$A:$E,5,0),0) -> 0 | F59: A | G59: CILINDRO DE RODA LE/LD FORD/VW | H59: CILINDRO DE RODA | I59: FORD / VOLKSWAGEN | J59: 0986AB8659 (BOSCH) | 3096110531 (OEM) | 5346 (ATE) | 5841 (ATE) | 6N0611053 (OEM) | 6QE611053 (OEM) | C3356 (CONTROIL) | CCR9213 (FORTEC) | CR9167 (BOSCH) | RCCR02930 (TRW) | K59: 1621 | L59: 0.33086706 | M59: =SUMIF(Relatorio_AK!$A:$A,A59,Relatorio_AK!$B:$B) -> 1621 | N59: =IF(M59=K59,"OK","DIF") -> OK | O59: =IFERROR(VLOOKUP($A59,Lista_Starke!$A:$E,3,0),"NÃO ESTÁ NA LISTA") -> FORD: Royale 1.8/2.0 AP 91/94 FORD: Versailles 2.0 8V AP 95/96 VOLKSWAGEN: Fox 1.0/1.6 03/14 VOLKSWAGEN: Gol 2.0 8V 95/... VOLKSWAGEN: Golf 1.8 8V 96/... VOLKSWAGEN: Parati 1.6 8V / 1.8 8V 82/95 VOLKSWAGEN: Parati 1.6 8V AP 82/97 VOLKSWAGEN: Parati 1.8 8V AP 87/97 VOLKSWAGEN: Polo 1.6 8V 02/14 VOLKSWAGEN: Quantum 1.8 8V AP / 2.0 8V AP 85/94 VOLKSWAGEN: Santana 1.8 8V AP 85/06 VOLKSWAGEN: Saveiro 1.6 8V AP 82/97 VOLKSWAGEN: Saveiro 1.8 8V AP 87/98 VOLKSWAGEN: Spacefox 1.6 8V 03/14 | P59: =IFERROR(VLOOKUP($A59,Lista_Starke!$A:$E,2,0),"NÃO ESTÁ NA LISTA") -> CILINDRO DE RODA LE/LD
A60: SBS8007 | B60: =IFERROR(VLOOKUP(A60,Pedido!$A:$B,2,0),"") | C60: =IF(B60="","NÃO COMPRA","COMPRA") -> NÃO COMPRA | D60: =IFERROR(VLOOKUP(A60,Pedido!$A:$C,3,0),0) -> 0 | E60: =IFERROR(VLOOKUP(A60,Pedido!$A:$E,5,0),0) -> 0 | F60: A | G60: SAPATA DE FREIO GM | H60: SAPATA DE FREIO | I60: GM | J60: 201703 (SYL) | 2649CPA (COBREQ) | BPSA0094660 (MAZZICAR) | CB49CPA (FRAS-LE) | HQJ509A (JURID) | RRSA00694 (TRW) | K60: 1596 | L60: 0.33359546 | M60: =SUMIF(Relatorio_AK!$A:$A,A60,Relatorio_AK!$B:$B) -> 1596 | N60: =IF(M60=K60,"OK","DIF") -> OK | O60: =IFERROR(VLOOKUP($A60,Lista_Starke!$A:$E,3,0),"NÃO ESTÁ NA LISTA") -> GM: Agile 1.4 8V 09/16 GM: Classic 1.0 8V 08/17 GM: Corsa 1.0 / 1.4 / 1.6 94/17 GM: Tigra 1.6 8V 98/00 | P60: =IFERROR(VLOOKUP($A60,Lista_Starke!$A:$E,2,0),"NÃO ESTÁ NA LISTA") -> SAPATA DE FREIO
A61: SWC5012 | B61: =IFERROR(VLOOKUP(A61,Pedido!$A:$B,2,0),"") | C61: =IF(B61="","NÃO COMPRA","COMPRA") -> NÃO COMPRA | D61: =IFERROR(VLOOKUP(A61,Pedido!$A:$C,3,0),0) -> 0 | E61: =IFERROR(VLOOKUP(A61,Pedido!$A:$E,5,0),0) -> 0 | F61: A | G61: CILINDRO DE RODA LE/LD FIAT | H61: CILINDRO DE RODA | I61: FIAT | J61: 6996 (ATE) | 7088679 (OEM) | C3427 (CONTROIL) | K61: 1578 | L61: 0.3362931 | M61: =SUMIF(Relatorio_AK!$A:$A,A61,Relatorio_AK!$B:$B) -> 1578 | N61: =IF(M61=K61,"OK","DIF") -> OK | O61: =IFERROR(VLOOKUP($A61,Lista_Starke!$A:$E,3,0),"NÃO ESTÁ NA LISTA") -> FIAT: Mobi 1.0 6V 3cil 16/... FIAT: Mobi 1.0 8V Fire 16/... FIAT: Palio 1.6 16V Etorq 10/17 FIAT: Palio Economy 1.0 8V Fire 14/16 FIAT: Palio Weekend 1.6 16V Etorq 12/17 FIAT: Uno 1.4 8V Fire 12/14 | P61: =IFERROR(VLOOKUP($A61,Lista_Starke!$A:$E,2,0),"NÃO ESTÁ NA LISTA") -> CILINDRO DE RODA LE/LD
A62: SBC1152 | B62: =IFERROR(VLOOKUP(A62,Pedido!$A:$B,2,0),"") | C62: =IF(B62="","NÃO COMPRA","COMPRA") -> NÃO COMPRA | D62: =IFERROR(VLOOKUP(A62,Pedido!$A:$C,3,0),0) -> 0 | E62: =IFERROR(VLOOKUP(A62,Pedido!$A:$E,5,0),0) -> 0 | F62: A | G62: CILINDRO MESTRE DE FREIO HONDA | H62: CILINDRO MESTRE DE FREIO | I62: HONDA | K62: 1572 | L62: 0.33898047 | M62: =SUMIF(Relatorio_AK!$A:$A,A62,Relatorio_AK!$B:$B) -> 1572 | N62: =IF(M62=K62,"OK","DIF") -> OK | O62: =IFERROR(VLOOKUP($A62,Lista_Starke!$A:$E,3,0),"NÃO ESTÁ NA LISTA") -> HONDA: City 1.5 16V 09/14 HONDA: New Fit 1.4 16V 09/14 HONDA: New Fit 1.5 16V 09/14 | P62: =IFERROR(VLOOKUP($A62,Lista_Starke!$A:$E,2,0),"NÃO ESTÁ NA LISTA") -> CILINDRO MESTRE DE FREIO
A63: SCC2038 | B63: =IFERROR(VLOOKUP(A63,Pedido!$A:$B,2,0),"") | C63: =IF(B63="","NÃO COMPRA","COMPRA") -> NÃO COMPRA | D63: =IFERROR(VLOOKUP(A63,Pedido!$A:$C,3,0),0) -> 0 | E63: =IFERROR(VLOOKUP(A63,Pedido!$A:$E,5,0),0) -> 0 | F63: A | G63: CILINDRO MESTRE DE EMBREAGEM FORD | H63: CILINDRO MESTRE DE EMBREAGEM | I63: FORD | J63: C2684 (CONTROIL) | KG19009501 (FTE) | RCCE01080 (TRW) | VKCH4745 (SKF) | K63: 1555 | L63: 0.34163879 | M63: =SUMIF(Relatorio_AK!$A:$A,A63,Relatorio_AK!$B:$B) -> 1555 | N63: =IF(M63=K63,"OK","DIF") -> OK | O63: =IFERROR(VLOOKUP($A63,Lista_Starke!$A:$E,3,0),"NÃO ESTÁ NA LISTA") -> FORD: Focus 1.6 8V Zetec Rocam 03/07 FORD: Focus 1.8 16V Zetec 00/07 FORD: Focus 2.0 16V Zetec 00/07 | P63: =IFERROR(VLOOKUP($A63,Lista_Starke!$A:$E,2,0),"NÃO ESTÁ NA LISTA") -> CILINDRO MESTRE DE EMBREAGEM
A64: SWP232H | B64: =IFERROR(VLOOKUP(A64,Pedido!$A:$B,2,0),"") | C64: =IF(B64="","NÃO COMPRA","COMPRA") -> NÃO COMPRA | D64: =IFERROR(VLOOKUP(A64,Pedido!$A:$C,3,0),0) -> 0 | E64: =IFERROR(VLOOKUP(A64,Pedido!$A:$E,5,0),0) -> 0 | F64: A | G64: BOMBA ÁGUA MINI | H64: BOMBA D'ÁGUA | I64: FIAT / JEEP / MINI | J64: 114504 (INDISA) | K64: 1555 | L64: 0.3442971 | M64: =SUMIF(Relatorio_AK!$A:$A,A64,Relatorio_AK!$B:$B) -> 1555 | N64: =IF(M64=K64,"OK","DIF") -> OK | O64: =IFERROR(VLOOKUP($A64,Lista_Starke!$A:$E,3,0),"NÃO ESTÁ NA LISTA") -> FIAT: Argo 1.8 16V 17/... FIAT: Cronos 1.8 16V 18/... FIAT: Toro 1.8 16V 16/... JEEP: Renegade 1.8 16V 15/... MINI: Cooper 1.6 16V W10B16A 01/07 MINI: Cooper S 1.6 16V W10B16A 90 02/07 MINI: Cooper Works 1.6 16V W10B16A 90 03/07 MINI: One 1.4 16V W10B14A 02/04 MINI: One 1.6 16V W10B16A 01/07 | P64: =IFERROR(VLOOKUP($A64,Lista_Starke!$A:$E,2,0),"NÃO ESTÁ NA LISTA") -> BOMBA D'ÁGUA
A65: SBS8034 | B65: =IFERROR(VLOOKUP(A65,Pedido!$A:$B,2,0),"") | C65: =IF(B65="","NÃO COMPRA","COMPRA") -> NÃO COMPRA | D65: =IFERROR(VLOOKUP(A65,Pedido!$A:$C,3,0),0) -> 0 | E65: =IFERROR(VLOOKUP(A65,Pedido!$A:$E,5,0),0) -> 0 | F65: A | G65: SAPATA DE FREIO FIAT | H65: SAPATA DE FREIO | I65: FIAT | J65: 203012 (SYL) | 2782CPA (COBREQ) | BPSA0090137 (MAZZICAR) | FI330CPA (FRAS-LE) | K65: 1538 | L65: 0.34692636 | M65: =SUMIF(Relatorio_AK!$A:$A,A65,Relatorio_AK!$B:$B) -> 1538 | N65: =IF(M65=K65,"OK","DIF") -> OK | O65: =IFERROR(VLOOKUP($A65,Lista_Starke!$A:$E,3,0),"NÃO ESTÁ NA LISTA") -> FIAT: Grand Siena 1.4 8V 12/... FIAT: Grand Siena 1.6 16V 12/... FIAT: Mobi 1.0 8V c/ ABS 16/... FIAT: Novo Uno 1.0 / 1.4 11/... FIAT: Novo Uno Furgão 13/... FIAT: Palio 1.0 / 1.4 12/... FIAT: Palio 1.6 Etorq 12/... | P65: =IFERROR(VLOOKUP($A65,Lista_Starke!$A:$E,2,0),"NÃO ESTÁ NA LISTA") -> SAPATA DE FREIO
A66: SSC3029 | B66: =IFERROR(VLOOKUP(A66,Pedido!$A:$B,2,0),"") | C66: =IF(B66="","NÃO COMPRA","COMPRA") -> NÃO COMPRA | D66: =IFERROR(VLOOKUP(A66,Pedido!$A:$C,3,0),0) -> 0 | E66: =IFERROR(VLOOKUP(A66,Pedido!$A:$E,5,0),0) -> 0 | F66: A | G66: CILINDRO AUXILIAR DE EMBREAGEM HYUNDAI | H66: CILINDRO AUXILIAR DE EMBREAGEM | I66: HYUNDAI / KIA | J66: 41700-4F000 (HYUNDAI) | K66: 1498 | L66: 0.34948723 | M66: =SUMIF(Relatorio_AK!$A:$A,A66,Relatorio_AK!$B:$B) -> 1498 | N66: =IF(M66=K66,"OK","DIF") -> OK | O66: =IFERROR(VLOOKUP($A66,Lista_Starke!$A:$E,3,0),"NÃO ESTÁ NA LISTA") -> HYUNDAI: Bongo K2500 2.5 16V 13/... HYUNDAI: HR 2.5 16V 13/... HYUNDAI: HR 2.5 8V Diesel 05/12 KIA: Bongo K2500 2.5 16V 13/... KIA: Bongo K2500 2.5 8V Diesel 05/12 KIA: Bongo K2700 2.7 8V Diesel 06/12 | P66: =IFERROR(VLOOKUP($A66,Lista_Starke!$A:$E,2,0),"NÃO ESTÁ NA LISTA") -> CILINDRO AUXILIAR DE EMBREAGEM
A67: SBC1094 | B67: =IFERROR(VLOOKUP(A67,Pedido!$A:$B,2,0),"") | C67: =IF(B67="","NÃO COMPRA","COMPRA") -> NÃO COMPRA | D67: =IFERROR(VLOOKUP(A67,Pedido!$A:$C,3,0),0) -> 0 | E67: =IFERROR(VLOOKUP(A67,Pedido!$A:$E,5,0),0) -> 0 | F67: A | G67: CILINDRO MESTRE DE FREIO FORD | H67: CILINDRO MESTRE DE FREIO | I67: FORD | J67: 6360 (ATE) | 7N152140AA (OEM) | K67: 1490 | L67: 0.35203442 | M67: =SUMIF(Relatorio_AK!$A:$A,A67,Relatorio_AK!$B:$B) -> 1490 | N67: =IF(M67=K67,"OK","DIF") -> OK | O67: =IFERROR(VLOOKUP($A67,Lista_Starke!$A:$E,3,0),"NÃO ESTÁ NA LISTA") -> FORD: Ecosport 1.6 16V 4x2 06/10 FORD: Ecosport 2.0 16V 4x4 06/10 | P67: =IFERROR(VLOOKUP($A67,Lista_Starke!$A:$E,2,0),"NÃO ESTÁ NA LISTA") -> CILINDRO MESTRE DE FREIO
A68: SWP283 | B68: =IFERROR(VLOOKUP(A68,Pedido!$A:$B,2,0),"") | C68: =IF(B68="","NÃO COMPRA","COMPRA") -> NÃO COMPRA | D68: =IFERROR(VLOOKUP(A68,Pedido!$A:$C,3,0),0) -> 0 | E68: =IFERROR(VLOOKUP(A68,Pedido!$A:$E,5,0),0) -> 0 | F68: A | G68: BOMBA ÁGUA RENAULT | H68: BOMBA D'ÁGUA | I68: RENAULT | J68: NKBA09826 (NAKATA) | K68: 1486 | L68: 0.35457478 | M68: =SUMIF(Relatorio_AK!$A:$A,A68,Relatorio_AK!$B:$B) -> 1486 | N68: =IF(M68=K68,"OK","DIF") -> OK | O68: =IFERROR(VLOOKUP($A68,Lista_Starke!$A:$E,3,0),"NÃO ESTÁ NA LISTA") -> RENAULT: Kwid 1.0 12V 3 cil 17/... RENAULT: Logan 1.0 12V 3 cil 16/... RENAULT: Sandero 1.0 12V 3 cil 16/... | P68: =IFERROR(VLOOKUP($A68,Lista_Starke!$A:$E,2,0),"NÃO ESTÁ NA LISTA") -> BOMBA D´ÁGUA
A69: SBC1144 | B69: =IFERROR(VLOOKUP(A69,Pedido!$A:$B,2,0),"") | C69: =IF(B69="","NÃO COMPRA","COMPRA") -> NÃO COMPRA | D69: =IFERROR(VLOOKUP(A69,Pedido!$A:$C,3,0),0) -> 0 | E69: =IFERROR(VLOOKUP(A69,Pedido!$A:$E,5,0),0) -> 0 | F69: A | G69: CILINDRO MESTRE DE FREIO GM | H69: CILINDRO MESTRE DE FREIO | I69: GM | J69: 6490 (ATE) | 94741181 (OEM) | C2207 (CONTROIL) | PMF6011 (TRW) | K69: 1463 | L69: 0.35707582 | M69: =SUMIF(Relatorio_AK!$A:$A,A69,Relatorio_AK!$B:$B) -> 1463 | N69: =IF(M69=K69,"OK","DIF") -> OK | O69: =IFERROR(VLOOKUP($A69,Lista_Starke!$A:$E,3,0),"NÃO ESTÁ NA LISTA") -> GM: Agile 1.4 8V 09/... | P69: =IFERROR(VLOOKUP($A69,Lista_Starke!$A:$E,2,0),"NÃO ESTÁ NA LISTA") -> CILINDRO MESTRE DE FREIO
A70: SBC1161 | B70: =IFERROR(VLOOKUP(A70,Pedido!$A:$B,2,0),"") | C70: =IF(B70="","NÃO COMPRA","COMPRA") -> NÃO COMPRA | D70: =IFERROR(VLOOKUP(A70,Pedido!$A:$C,3,0),0) -> 0 | E70: =IFERROR(VLOOKUP(A70,Pedido!$A:$E,5,0),0) -> 0 | F70: A | G70: CILINDRO MESTRE DE FREIO GM | H70: CILINDRO MESTRE DE FREIO | I70: GM | J70: 0986AB8672 (BOSCH) | 93249824 (OEM) | C2214 (CONTROIL) | CM2593 (BOSCH) | K70: 1420 | L70: 0.35950335 | M70: =SUMIF(Relatorio_AK!$A:$A,A70,Relatorio_AK!$B:$B) -> 1420 | N70: =IF(M70=K70,"OK","DIF") -> OK | O70: =IFERROR(VLOOKUP($A70,Lista_Starke!$A:$E,3,0),"NÃO ESTÁ NA LISTA") -> GM: Blazer 2.2 EFI 95/98 GM: Blazer 2.2 MPFI 97/00 GM: Blazer 2.4 MPFI 00/12 GM: Blazer 2.5 Diesel 4x4 97/00 GM: Blazer 2.8 Diesel 97/09 GM: Blazer 4.3 V6 MPFI 96/03 GM: S10 2.2 EFI 95/97 GM: S10 2.2 MPFI 97/00 GM: S10 2.4 MPFI 00/12 GM: S10 2.8 Diesel 4x4 00/12 GM: S10 4.3 V6 96/03 | P70: =IFERROR(VLOOKUP($A70,Lista_Starke!$A:$E,2,0),"NÃO ESTÁ NA LISTA") -> CILINDRO MESTRE DE FREIO
A71: SBC1190 | B71: =IFERROR(VLOOKUP(A71,Pedido!$A:$B,2,0),"") | C71: =IF(B71="","NÃO COMPRA","COMPRA") -> NÃO COMPRA | D71: =IFERROR(VLOOKUP(A71,Pedido!$A:$C,3,0),0) -> 0 | E71: =IFERROR(VLOOKUP(A71,Pedido!$A:$E,5,0),0) -> 0 | F71: A | G71: CILINDRO MESTRE DE FREIO NISSAN | H71: CILINDRO MESTRE DE FREIO | I71: NISSAN | K71: 1394 | L71: 0.36188643 | M71: =SUMIF(Relatorio_AK!$A:$A,A71,Relatorio_AK!$B:$B) -> 1394 | N71: =IF(M71=K71,"OK","DIF") -> OK | O71: =IFERROR(VLOOKUP($A71,Lista_Starke!$A:$E,3,0),"NÃO ESTÁ NA LISTA") -> NISSAN: March 1.0 16V 11/... NISSAN: March 1.6 16V 11/... NISSAN: Versa 1.6 16V 11/... | P71: =IFERROR(VLOOKUP($A71,Lista_Starke!$A:$E,2,0),"NÃO ESTÁ NA LISTA") -> CILINDRO MESTRE DE FREIO
A72: SBC1069 | B72: =IFERROR(VLOOKUP(A72,Pedido!$A:$B,2,0),"") | C72: =IF(B72="","NÃO COMPRA","COMPRA") -> NÃO COMPRA | D72: =IFERROR(VLOOKUP(A72,Pedido!$A:$C,3,0),0) -> 0 | E72: =IFERROR(VLOOKUP(A72,Pedido!$A:$E,5,0),0) -> 0 | F72: A | G72: CILINDRO MESTRE DE FREIO VW | H72: CILINDRO MESTRE DE FREIO | I72: VOLKSWAGEN | J72: 0986AB8569 (BOSCH) | 5Z0611019P (OEM) | 5Z1614105G (OEM) | 5Z1614105P (OEM) | 5Z2614105J (OEM) | K72: 1391 | L72: 0.36426438 | M72: =SUMIF(Relatorio_AK!$A:$A,A72,Relatorio_AK!$B:$B) -> 1391 | N72: =IF(M72=K72,"OK","DIF") -> OK | O72: =IFERROR(VLOOKUP($A72,Lista_Starke!$A:$E,3,0),"NÃO ESTÁ NA LISTA") -> VOLKSWAGEN: Crossfox 05/... VOLKSWAGEN: Fox 04/... VOLKSWAGEN: Polo 02/... VOLKSWAGEN: Space Cross 12/... VOLKSWAGEN: Spacefox 06/... | P72: =IFERROR(VLOOKUP($A72,Lista_Starke!$A:$E,2,0),"NÃO ESTÁ NA LISTA") -> CILINDRO MESTRE DE FREIO
A73: SSC3004 | B73: =IFERROR(VLOOKUP(A73,Pedido!$A:$B,2,0),"") | C73: =IF(B73="","NÃO COMPRA","COMPRA") -> NÃO COMPRA | D73: =IFERROR(VLOOKUP(A73,Pedido!$A:$C,3,0),0) -> 0 | E73: =IFERROR(VLOOKUP(A73,Pedido!$A:$E,5,0),0) -> 0 | F73: A | G73: CILINDRO AUXILIAR DE EMBREAGEM GM | H73: CILINDRO AUXILIAR DE EMBREAGEM | I73: GM | J73: C2625 (CONTROIL) | D151017 (FTE) | RCCE01230 (TRW) | VKCH151017 (SKF) | K73: 1381 | L73: 0.36662524 | M73: =SUMIF(Relatorio_AK!$A:$A,A73,Relatorio_AK!$B:$B) -> 1381 | N73: =IF(M73=K73,"OK","DIF") -> OK | O73: =IFERROR(VLOOKUP($A73,Lista_Starke!$A:$E,3,0),"NÃO ESTÁ NA LISTA") -> GM: Blazer 2.2 8V 96/00 GM: Blazer 2.4 8V 01/11 GM: Blazer 2.5 Maxion 96/00 GM: S10 2.2 8V 96/00 GM: S10 2.4 8V 01/11 GM: S10 2.5 Maxion 96/00 | P73: =IFERROR(VLOOKUP($A73,Lista_Starke!$A:$E,2,0),"NÃO ESTÁ NA LISTA") -> CILINDRO AUXILIAR DE EMBREAGEM
A74: SWC5019 | B74: =IFERROR(VLOOKUP(A74,Pedido!$A:$B,2,0),"") | C74: =IF(B74="","NÃO COMPRA","COMPRA") -> NÃO COMPRA | D74: =IFERROR(VLOOKUP(A74,Pedido!$A:$C,3,0),0) -> 0 | E74: =IFERROR(VLOOKUP(A74,Pedido!$A:$E,5,0),0) -> 0 | F74: A | G74: CILINDRO DE RODA LE/LD RENAULT | H74: CILINDRO DE RODA | I74: RENAULT | J74: 0986AB8579 (BOSCH) | 6001549707 (OEM) | 7687 (ATE) | C3431 (CONTROIL) | CCR92268 (FORTEC) | K74: 1376 | L74: 0.36897755 | M74: =SUMIF(Relatorio_AK!$A:$A,A74,Relatorio_AK!$B:$B) -> 1376 | N74: =IF(M74=K74,"OK","DIF") -> OK | O74: =IFERROR(VLOOKUP($A74,Lista_Starke!$A:$E,3,0),"NÃO ESTÁ NA LISTA") -> RENAULT: Duster 1.6 16V 4X2 11/17 RENAULT: Duster 2.0 16V 4X2 11/20 | P74: =IFERROR(VLOOKUP($A74,Lista_Starke!$A:$E,2,0),"NÃO ESTÁ NA LISTA") -> CILINDRO DE RODA LE/LD
A75: SBC1023 | B75: =IFERROR(VLOOKUP(A75,Pedido!$A:$B,2,0),"") | C75: =IF(B75="","NÃO COMPRA","COMPRA") -> NÃO COMPRA | D75: =IFERROR(VLOOKUP(A75,Pedido!$A:$C,3,0),0) -> 0 | E75: =IFERROR(VLOOKUP(A75,Pedido!$A:$E,5,0),0) -> 0 | F75: A | G75: CILINDRO MESTRE DE FREIO AUDI/VW | H75: CILINDRO MESTRE DE FREIO | I75: AUDI / VOLKSWAGEN | J75: 0986AB8595 (BOSCH) | 1J1614019 (OEM) | 6350 (ATE) | C2095 (CONTROIL) | PMK491 (TRW) | K75: 1366 | L75: 0.37131276 | M75: =SUMIF(Relatorio_AK!$A:$A,A75,Relatorio_AK!$B:$B) -> 1366 | N75: =IF(M75=K75,"OK","DIF") -> OK | O75: =IFERROR(VLOOKUP($A75,Lista_Starke!$A:$E,3,0),"NÃO ESTÁ NA LISTA") -> AUDI: A3 97/06 VOLKSWAGEN: Bora 01/07 VOLKSWAGEN: Golf 99/... VOLKSWAGEN: New Beetle 00/05 VOLKSWAGEN: TT 99/06 | P75: =IFERROR(VLOOKUP($A75,Lista_Starke!$A:$E,2,0),"NÃO ESTÁ NA LISTA") -> CILINDRO MESTRE DE FREIO
A76: SCS4003 | B76: =IFERROR(VLOOKUP(A76,Pedido!$A:$B,2,0),"") | C76: =IF(B76="","NÃO COMPRA","COMPRA") -> NÃO COMPRA | D76: =IFERROR(VLOOKUP(A76,Pedido!$A:$C,3,0),0) -> 0 | E76: =IFERROR(VLOOKUP(A76,Pedido!$A:$E,5,0),0) -> 0 | F76: A | G76: ATUADOR DE EMBREAGEM RENAULT | H76: ATUADOR DE EMBREAGEM | I76: NISSAN / RENAULT | K76: 1359 | L76: 0.37363601 | M76: =SUMIF(Relatorio_AK!$A:$A,A76,Relatorio_AK!$B:$B) -> 1359 | N76: =IF(M76=K76,"OK","DIF") -> OK | O76: =IFERROR(VLOOKUP($A76,Lista_Starke!$A:$E,3,0),"NÃO ESTÁ NA LISTA") -> NISSAN: Livina 1.6 16V 10/… NISSAN: March 1.0 16V 11/... NISSAN: March 1.6 16V 11/… NISSAN: Versa 1.6 16V 12/… RENAULT: Duster 1.6 16V Hi Flex 12/… RENAULT: Kwid 1.0 12V 3 cil 17/... RENAULT: Logan 1.0 12V 3 cil 16/... RENAULT: Logan 1.6 16V Hi Flex 08/… RENAULT: Megane 1.6 16V Hi Flex 06/… RENAULT: Megane Grand Tour 1.6 16V Hi Flex 06/… RENAULT: Oroch 1.6 16V 15/... RENAULT: Sandero 1.0 12V 3 cil 16/... RENAULT: Sandero 1.6 16V Hi Flex 08/… RENAULT: Symbol 1.6 16V Hi Flex K4M 09/… | P76: =IFERROR(VLOOKUP($A76,Lista_Starke!$A:$E,2,0),"NÃO ESTÁ NA LISTA") -> ATUADOR DE EMBREAGEM
A77: SWC5003L | B77: =IFERROR(VLOOKUP(A77,Pedido!$A:$B,2,0),"") | C77: =IF(B77="","NÃO COMPRA","COMPRA") -> NÃO COMPRA | D77: =IFERROR(VLOOKUP(A77,Pedido!$A:$C,3,0),0) -> 0 | E77: =IFERROR(VLOOKUP(A77,Pedido!$A:$E,5,0),0) -> 0 | F77: A | G77: CILINDRO DE RODA LE PEUGEOT | H77: CILINDRO DE RODA | I77: PEUGEOT | J77: 0986AB8040 (BOSCH) | 440297 (OEM) | 7612 (ATE) | 95668067 (OEM) | C3511 (CONTROIL) | CCR92237 (FORTEC) | CR2727 (BOSCH) | RCCR02950 (TRW) | K77: 1355 | L77: 0.37595242 | M77: =SUMIF(Relatorio_AK!$A:$A,A77,Relatorio_AK!$B:$B) -> 1355 | N77: =IF(M77=K77,"OK","DIF") -> OK | O77: =IFERROR(VLOOKUP($A77,Lista_Starke!$A:$E,3,0),"NÃO ESTÁ NA LISTA") -> PEUGEOT: 206 1.0 8V / 16V 01/... PEUGEOT: 206 1.4 8V 04/... PEUGEOT: 206 1.6 8V / 1.6 16V 99/... PEUGEOT: 207 1.4 8V 08/... PEUGEOT: 207 1.6 16V 08/... | P77: =IFERROR(VLOOKUP($A77,Lista_Starke!$A:$E,2,0),"NÃO ESTÁ NA LISTA") -> CILINDRO DE RODA LE
A78: SOC9014 | B78: =IFERROR(VLOOKUP(A78,Pedido!$A:$B,2,0),"") | C78: =IF(B78="","NÃO COMPRA","COMPRA") -> NÃO COMPRA | D78: =IFERROR(VLOOKUP(A78,Pedido!$A:$C,3,0),0) -> 0 | E78: =IFERROR(VLOOKUP(A78,Pedido!$A:$E,5,0),0) -> 0 | F78: A | G78: RESFRIADOR OLEO NISSAN | H78: RESFRIADOR DE ÓLEO MOTOR | I78: NISSAN / RENAULT | J78: 213053566R (OEM) | K78: 1334 | L78: 0.37823293 | M78: =SUMIF(Relatorio_AK!$A:$A,A78,Relatorio_AK!$B:$B) -> 1334 | N78: =IF(M78=K78,"OK","DIF") -> OK | O78: =IFERROR(VLOOKUP($A78,Lista_Starke!$A:$E,3,0),"NÃO ESTÁ NA LISTA") -> NISSAN: March 1.0 12V 3 cil 15/... NISSAN: Versa 1.0 12V 3 cil 19/... RENAULT: Kwid 1.0 12V 3 cil 17/... RENAULT: Logan 1.0 12V 3 cil 16/... RENAULT: Sandero 1.0 12V 3 cil 16/... | P78: =IFERROR(VLOOKUP($A78,Lista_Starke!$A:$E,2,0),"NÃO ESTÁ NA LISTA") -> RESFRIADOR DE ÓLEO MOTOR
A79: SBC1036 | B79: =IFERROR(VLOOKUP(A79,Pedido!$A:$B,2,0),"") | C79: =IF(B79="","NÃO COMPRA","COMPRA") -> NÃO COMPRA | D79: =IFERROR(VLOOKUP(A79,Pedido!$A:$C,3,0),0) -> 0 | E79: =IFERROR(VLOOKUP(A79,Pedido!$A:$E,5,0),0) -> 0 | F79: A | G79: CILINDRO MESTRE DE FREIO GM | H79: CILINDRO MESTRE DE FREIO | I79: GM | J79: 0986AB8646 (BOSCH) | 5825 (ATE) | 93235560 (OEM) | C2041 (CONTROIL) | RCCD01610 (TRW) | K79: 1331 | L79: 0.38050831 | M79: =SUMIF(Relatorio_AK!$A:$A,A79,Relatorio_AK!$B:$B) -> 1331 | N79: =IF(M79=K79,"OK","DIF") -> OK | O79: =IFERROR(VLOOKUP($A79,Lista_Starke!$A:$E,3,0),"NÃO ESTÁ NA LISTA") -> GM: Corsa / Pick Up Corsa 94/98 | P79: =IFERROR(VLOOKUP($A79,Lista_Starke!$A:$E,2,0),"NÃO ESTÁ NA LISTA") -> CILINDRO MESTRE DE FREIO
A80: SCS4034 | B80: =IFERROR(VLOOKUP(A80,Pedido!$A:$B,2,0),"") | C80: =IF(B80="","NÃO COMPRA","COMPRA") -> NÃO COMPRA | D80: =IFERROR(VLOOKUP(A80,Pedido!$A:$C,3,0),0) -> 0 | E80: =IFERROR(VLOOKUP(A80,Pedido!$A:$E,5,0),0) -> 0 | F80: A | G80: ATUADOR DE EMBREAGEM GM | H80: ATUADOR DE EMBREAGEM | I80: GM | K80: 1330 | L80: 0.38278198 | M80: =SUMIF(Relatorio_AK!$A:$A,A80,Relatorio_AK!$B:$B) -> 1330 | N80: =IF(M80=K80,"OK","DIF") -> OK | O80: =IFERROR(VLOOKUP($A80,Lista_Starke!$A:$E,3,0),"NÃO ESTÁ NA LISTA") -> GM: Onix 1.0 12V 3 cil Aspirado 20/... GM: Onix 1.0 12V 3 cil Turbo 20/... GM: Tracker 1.0 12V 3 cil Turbo 20/... | P80: =IFERROR(VLOOKUP($A80,Lista_Starke!$A:$E,2,0),"NÃO ESTÁ NA LISTA") -> ATUADOR DE EMBREAGEM
A81: SCC2062 | B81: =IFERROR(VLOOKUP(A81,Pedido!$A:$B,2,0),"") | C81: =IF(B81="","NÃO COMPRA","COMPRA") -> NÃO COMPRA | D81: =IFERROR(VLOOKUP(A81,Pedido!$A:$C,3,0),0) -> 0 | E81: =IFERROR(VLOOKUP(A81,Pedido!$A:$E,5,0),0) -> 0 | F81: A | G81: CILINDRO MESTRE DE EMBREAGEM HYUNDAI | H81: CILINDRO MESTRE DE EMBREAGEM | I81: HYUNDAI / KIA | J81: 41600-4F000 (HYUNDAI) | C2730 (CONTROIL) | K81: 1327 | L81: 0.38505053 | M81: =SUMIF(Relatorio_AK!$A:$A,A81,Relatorio_AK!$B:$B) -> 1327 | N81: =IF(M81=K81,"OK","DIF") -> OK | O81: =IFERROR(VLOOKUP($A81,Lista_Starke!$A:$E,3,0),"NÃO ESTÁ NA LISTA") -> HYUNDAI: HR 2.5 16V 13/... HYUNDAI: HR 2.5 8V Diesel 05/12 KIA: Bongo K2500 2.5 16V 13/... KIA: Bongo K2500 2.5 8V Diesel 05/12 | P81: =IFERROR(VLOOKUP($A81,Lista_Starke!$A:$E,2,0),"NÃO ESTÁ NA LISTA") -> CILINDRO MESTRE DE EMBREAGEM
A82: SBC1095 | B82: =IFERROR(VLOOKUP(A82,Pedido!$A:$B,2,0),"") | C82: =IF(B82="","NÃO COMPRA","COMPRA") -> NÃO COMPRA | D82: =IFERROR(VLOOKUP(A82,Pedido!$A:$C,3,0),0) -> 0 | E82: =IFERROR(VLOOKUP(A82,Pedido!$A:$E,5,0),0) -> 0 | F82: A | G82: CILINDRO MESTRE DE FREIO TOYOTA | H82: CILINDRO MESTRE DE FREIO | I82: TOYOTA | J82: 0204051923 (BOSCH) | CM1923 (BOSCH) | K82: 1292 | L82: 0.38725923 | M82: =SUMIF(Relatorio_AK!$A:$A,A82,Relatorio_AK!$B:$B) -> 1292 | N82: =IF(M82=K82,"OK","DIF") -> OK | O82: =IFERROR(VLOOKUP($A82,Lista_Starke!$A:$E,3,0),"NÃO ESTÁ NA LISTA") -> TOYOTA: Corolla 1.8 16V 08/15 TOYOTA: Corolla 2.0 16V 10/14 | P82: =IFERROR(VLOOKUP($A82,Lista_Starke!$A:$E,2,0),"NÃO ESTÁ NA LISTA") -> CILINDRO MESTRE DE FREIO
A83: SSC3009 | B83: =IFERROR(VLOOKUP(A83,Pedido!$A:$B,2,0),"") | C83: =IF(B83="","NÃO COMPRA","COMPRA") -> NÃO COMPRA | D83: =IFERROR(VLOOKUP(A83,Pedido!$A:$C,3,0),0) -> 0 | E83: =IFERROR(VLOOKUP(A83,Pedido!$A:$E,5,0),0) -> 0 | F83: A | G83: CILINDRO AUXILIAR DE EMBREAGEM VW | H83: CILINDRO AUXILIAR DE EMBREAGEM | I83: AUDI / VOLKSWAGEN | J83: C2656 (CONTROIL) | KN1903042 (FTE) | RCCE01310 (TRW) | VKCH19030 (SKF) | K83: 1291 | L83: 0.38946623 | M83: =SUMIF(Relatorio_AK!$A:$A,A83,Relatorio_AK!$B:$B) -> 1291 | N83: =IF(M83=K83,"OK","DIF") -> OK | O83: =IFERROR(VLOOKUP($A83,Lista_Starke!$A:$E,3,0),"NÃO ESTÁ NA LISTA") -> AUDI: A3 1.6 / 1.8 / 1.8T 96/02 VOLKSWAGEN: Bora 01/11 VOLKSWAGEN: Caravelle 98/99 VOLKSWAGEN: Eurovan 98/99 VOLKSWAGEN: Golf 1.6 8V / 1.8 20V Turbo 98/00 VOLKSWAGEN: Golf 1.8 / 2.0 01/... VOLKSWAGEN: New Beetle 00/10 | P83: =IFERROR(VLOOKUP($A83,Lista_Starke!$A:$E,2,0),"NÃO ESTÁ NA LISTA") -> CILINDRO AUXILIAR DE EMBREAGEM
A84: SBC1041 | B84: =IFERROR(VLOOKUP(A84,Pedido!$A:$B,2,0),"") | C84: =IF(B84="","NÃO COMPRA","COMPRA") -> NÃO COMPRA | D84: =IFERROR(VLOOKUP(A84,Pedido!$A:$C,3,0),0) -> 0 | E84: =IFERROR(VLOOKUP(A84,Pedido!$A:$E,5,0),0) -> 0 | F84: A | G84: CILINDRO MESTRE DE FREIO VW | H84: CILINDRO MESTRE DE FREIO | I84: FORD / TROLLER / VOLKSWAGEN | J84: C2060 (CONTROIL) | RCCD00140 (TRW) | K84: 1287 | L84: 0.3916664 | M84: =SUMIF(Relatorio_AK!$A:$A,A84,Relatorio_AK!$B:$B) -> 1287 | N84: =IF(M84=K84,"OK","DIF") -> OK | O84: =IFERROR(VLOOKUP($A84,Lista_Starke!$A:$E,3,0),"NÃO ESTÁ NA LISTA") -> FORD: Royale 95/96 FORD: Versailles 95/96 TROLLER: T4 97/01 VOLKSWAGEN: Quantum 95/02 VOLKSWAGEN: Santana 95/06 | P84: =IFERROR(VLOOKUP($A84,Lista_Starke!$A:$E,2,0),"NÃO ESTÁ NA LISTA") -> CILINDRO MESTRE DE FREIO
A85: SSC3019 | B85: =IFERROR(VLOOKUP(A85,Pedido!$A:$B,2,0),"") | C85: =IF(B85="","NÃO COMPRA","COMPRA") -> NÃO COMPRA | D85: =IFERROR(VLOOKUP(A85,Pedido!$A:$C,3,0),0) -> 0 | E85: =IFERROR(VLOOKUP(A85,Pedido!$A:$E,5,0),0) -> 0 | F85: A | G85: CILINDRO AUXILIAR DE EMBREAGEM FIAT | H85: CILINDRO AUXILIAR DE EMBREAGEM | I85: FIAT | J85: KN2007371 (FTE) | K85: 1286 | L85: 0.39386485 | M85: =SUMIF(Relatorio_AK!$A:$A,A85,Relatorio_AK!$B:$B) -> 1286 | N85: =IF(M85=K85,"OK","DIF") -> OK | O85: =IFERROR(VLOOKUP($A85,Lista_Starke!$A:$E,3,0),"NÃO ESTÁ NA LISTA") -> FIAT: Ducato 2.3 16V Multijet 10/... FIAT: Ducato 2.8 TD 02/... | P85: =IFERROR(VLOOKUP($A85,Lista_Starke!$A:$E,2,0),"NÃO ESTÁ NA LISTA") -> CILINDRO AUXILIAR DE EMBREAGEM
A86: SBC1141 | B86: =IFERROR(VLOOKUP(A86,Pedido!$A:$B,2,0),"") | C86: =IF(B86="","NÃO COMPRA","COMPRA") -> NÃO COMPRA | D86: =IFERROR(VLOOKUP(A86,Pedido!$A:$C,3,0),0) -> 0 | E86: =IFERROR(VLOOKUP(A86,Pedido!$A:$E,5,0),0) -> 0 | F86: A | G86: CILINDRO MESTRE DE FREIO MITSUBISHI | H86: CILINDRO MESTRE DE FREIO | I86: MITSUBISHI | K86: 1281 | L86: 0.39605475 | M86: =SUMIF(Relatorio_AK!$A:$A,A86,Relatorio_AK!$B:$B) -> 1281 | N86: =IF(M86=K86,"OK","DIF") -> OK | O86: =IFERROR(VLOOKUP($A86,Lista_Starke!$A:$E,3,0),"NÃO ESTÁ NA LISTA") -> MITSUBISHI: Pajero IO 1.8 16V 4G93 99/02 MITSUBISHI: Pajero TR4 2.0 16V 00/… MITSUBISHI: Pajero TR4 2.0 20V 4G94 04/… | P86: =IFERROR(VLOOKUP($A86,Lista_Starke!$A:$E,2,0),"NÃO ESTÁ NA LISTA") -> CILINDRO MESTRE DE FREIO
A87: SBC1002 | B87: =IFERROR(VLOOKUP(A87,Pedido!$A:$B,2,0),"") | C87: =IF(B87="","NÃO COMPRA","COMPRA") -> NÃO COMPRA | D87: =IFERROR(VLOOKUP(A87,Pedido!$A:$C,3,0),0) -> 0 | E87: =IFERROR(VLOOKUP(A87,Pedido!$A:$E,5,0),0) -> 0 | F87: A | G87: CILINDRO MESTRE DE FREIO VW | H87: CILINDRO MESTRE DE FREIO | I87: FIAT / VOLKSWAGEN | J87: 6342 (ATE) | C2067 (CONTROIL) | K87: 1279 | L87: 0.39824124 | M87: =SUMIF(Relatorio_AK!$A:$A,A87,Relatorio_AK!$B:$B) -> 1279 | N87: =IF(M87=K87,"OK","DIF") -> OK | O87: =IFERROR(VLOOKUP($A87,Lista_Starke!$A:$E,3,0),"NÃO ESTÁ NA LISTA") -> FIAT: Tipo 1.6 8V 93/97 VOLKSWAGEN: Golf 1.8 8V / 2.0 8V 94/98 | P87: =IFERROR(VLOOKUP($A87,Lista_Starke!$A:$E,2,0),"NÃO ESTÁ NA LISTA") -> CILINDRO MESTRE DE FREIO
A88: SBC1017 | B88: =IFERROR(VLOOKUP(A88,Pedido!$A:$B,2,0),"") | C88: =IF(B88="","NÃO COMPRA","COMPRA") -> NÃO COMPRA | D88: =IFERROR(VLOOKUP(A88,Pedido!$A:$C,3,0),0) -> 0 | E88: =IFERROR(VLOOKUP(A88,Pedido!$A:$E,5,0),0) -> 0 | F88: A | G88: CILINDRO MESTRE DE FREIO RENAULT | H88: CILINDRO MESTRE DE FREIO | I88: RENAULT | K88: 1275 | L88: 0.40042089 | M88: =SUMIF(Relatorio_AK!$A:$A,A88,Relatorio_AK!$B:$B) -> 1275 | N88: =IF(M88=K88,"OK","DIF") -> OK | O88: =IFERROR(VLOOKUP($A88,Lista_Starke!$A:$E,3,0),"NÃO ESTÁ NA LISTA") -> RENAULT: Clio 1.0 / 1.6 12/... RENAULT: Kangoo 1.0 / 1.6 11/... RENAULT: Symbol 1.0 / 1.6 10/... | P88: =IFERROR(VLOOKUP($A88,Lista_Starke!$A:$E,2,0),"NÃO ESTÁ NA LISTA") -> CILINDRO MESTRE DE FREIO
A89: SCC2027 | B89: =IFERROR(VLOOKUP(A89,Pedido!$A:$B,2,0),"") | C89: =IF(B89="","NÃO COMPRA","COMPRA") -> NÃO COMPRA | D89: =IFERROR(VLOOKUP(A89,Pedido!$A:$C,3,0),0) -> 0 | E89: =IFERROR(VLOOKUP(A89,Pedido!$A:$E,5,0),0) -> 0 | F89: A | G89: CILINDRO MESTRE DE EMBREAGEM HONDA | H89: CILINDRO MESTRE DE EMBREAGEM | I89: HONDA | K89: 1259 | L89: 0.40257318 | M89: =SUMIF(Relatorio_AK!$A:$A,A89,Relatorio_AK!$B:$B) -> 1259 | N89: =IF(M89=K89,"OK","DIF") -> OK | O89: =IFERROR(VLOOKUP($A89,Lista_Starke!$A:$E,3,0),"NÃO ESTÁ NA LISTA") -> HONDA: Fit 1.4 8V / 1.5 16V 03/08 | P89: =IFERROR(VLOOKUP($A89,Lista_Starke!$A:$E,2,0),"NÃO ESTÁ NA LISTA") -> CILINDRO MESTRE DE EMBREAGEM
A90: SBC1046 | B90: =IFERROR(VLOOKUP(A90,Pedido!$A:$B,2,0),"") | C90: =IF(B90="","NÃO COMPRA","COMPRA") -> NÃO COMPRA | D90: =IFERROR(VLOOKUP(A90,Pedido!$A:$C,3,0),0) -> 0 | E90: =IFERROR(VLOOKUP(A90,Pedido!$A:$E,5,0),0) -> 0 | F90: A | G90: CILINDRO MESTRE DE FREIO VW | H90: CILINDRO MESTRE DE FREIO | I90: VOLKSWAGEN | J90: 0986AB8616 (BOSCH) | 377611015A (OEM) | 6041 (ATE) | C2058 (CONTROIL) | RCCD00180 (TRW) | K90: 1249 | L90: 0.40470838 | M90: =SUMIF(Relatorio_AK!$A:$A,A90,Relatorio_AK!$B:$B) -> 1249 | N90: =IF(M90=K90,"OK","DIF") -> OK | O90: =IFERROR(VLOOKUP($A90,Lista_Starke!$A:$E,3,0),"NÃO ESTÁ NA LISTA") -> VOLKSWAGEN: Gol G2 1.6 02/05 VOLKSWAGEN: Gol G2 2.0 8V/16V 95/00 VOLKSWAGEN: Gol G3 1.0 / 1.6 / 1.8 / 2.0 01/05 VOLKSWAGEN: Gol G3 2.0 8V/16V 00 VOLKSWAGEN: Gol G4 06/... VOLKSWAGEN: Parati 1.0 / 1.6 / 1.8 / 2.0 96/12 VOLKSWAGEN: Saveiro 98/09 | P90: =IFERROR(VLOOKUP($A90,Lista_Starke!$A:$E,2,0),"NÃO ESTÁ NA LISTA") -> CILINDRO MESTRE DE FREIO
A91: SWC5002 | B91: =IFERROR(VLOOKUP(A91,Pedido!$A:$B,2,0),"") | C91: =IF(B91="","NÃO COMPRA","COMPRA") -> NÃO COMPRA | D91: =IFERROR(VLOOKUP(A91,Pedido!$A:$C,3,0),0) -> 0 | E91: =IFERROR(VLOOKUP(A91,Pedido!$A:$E,5,0),0) -> 0 | F91: A | G91: CILINDRO DE RODA LE/LD FORD | H91: CILINDRO DE RODA | I91: FORD | J91: 0986AB8497 (BOSCH) | 7684 (ATE) | 8V5Z2261A (OEM) | C3430 (CONTROIL) | E3B12261AA (OEM) | K91: 1237 | L91: 0.40682307 | M91: =SUMIF(Relatorio_AK!$A:$A,A91,Relatorio_AK!$B:$B) -> 1237 | N91: =IF(M91=K91,"OK","DIF") -> OK | O91: =IFERROR(VLOOKUP($A91,Lista_Starke!$A:$E,3,0),"NÃO ESTÁ NA LISTA") -> FORD: Ka / Ka+ 1.0 12V 3cil 14/... FORD: Ka / Ka+ 1.5 16V Sigma 14/... FORD: Ka / Ka+ 1.6 16V Sigma 15/18 FORD: New Fiesta 1.5 16V Sigma 10/... FORD: New Fiesta 1.6 16V Sigma 13/... | P91: =IFERROR(VLOOKUP($A91,Lista_Starke!$A:$E,2,0),"NÃO ESTÁ NA LISTA") -> CILINDRO DE RODA LE/LD
A92: SBC1032 | B92: =IFERROR(VLOOKUP(A92,Pedido!$A:$B,2,0),"") | C92: =IF(B92="","NÃO COMPRA","COMPRA") -> NÃO COMPRA | D92: =IFERROR(VLOOKUP(A92,Pedido!$A:$C,3,0),0) -> 0 | E92: =IFERROR(VLOOKUP(A92,Pedido!$A:$E,5,0),0) -> 0 | F92: A | G92: CILINDRO MESTRE DE FREIO GM | H92: CILINDRO MESTRE DE FREIO | I92: GM | J92: 6220 (ATE) | 93385740 (OEM) | C2092 (CONTROIL) | RCCD00970 (TRW) | K92: 1236 | L92: 0.40893604 | M92: =SUMIF(Relatorio_AK!$A:$A,A92,Relatorio_AK!$B:$B) -> 1236 | N92: =IF(M92=K92,"OK","DIF") -> OK | O92: =IFERROR(VLOOKUP($A92,Lista_Starke!$A:$E,3,0),"NÃO ESTÁ NA LISTA") -> GM: Celta 01/05 | P92: =IFERROR(VLOOKUP($A92,Lista_Starke!$A:$E,2,0),"NÃO ESTÁ NA LISTA") -> CILINDRO MESTRE DE FREIO
A93: SSC3001 | B93: =IFERROR(VLOOKUP(A93,Pedido!$A:$B,2,0),"") | C93: =IF(B93="","NÃO COMPRA","COMPRA") -> NÃO COMPRA | D93: =IFERROR(VLOOKUP(A93,Pedido!$A:$C,3,0),0) -> 0 | E93: =IFERROR(VLOOKUP(A93,Pedido!$A:$E,5,0),0) -> 0 | F93: A | G93: CILINDRO AUXILIAR DE EMBREAGEM VW | H93: CILINDRO AUXILIAR DE EMBREAGEM | I93: AUDI / VOLKSWAGEN | J93: C2651 (CONTROIL) | KN1901749 (FTE) | RCCE01280 (TRW) | VKCH4748 (SKF) | K93: 1236 | L93: 0.41104902 | M93: =SUMIF(Relatorio_AK!$A:$A,A93,Relatorio_AK!$B:$B) -> 1236 | N93: =IF(M93=K93,"OK","DIF") -> OK | O93: =IFERROR(VLOOKUP($A93,Lista_Starke!$A:$E,3,0),"NÃO ESTÁ NA LISTA") -> AUDI: A3 1.6 03/06 AUDI: A3 1.6 07/10 VOLKSWAGEN: Crossfox 1.6 05/... VOLKSWAGEN: Fox 1.6 04/... VOLKSWAGEN: Gol G5 1.6 09/... VOLKSWAGEN: Golf 1.6 01/... VOLKSWAGEN: Polo 1.6 02/... VOLKSWAGEN: Saveiro G5 1.6 10/... VOLKSWAGEN: Space Cross 1.6 12/... VOLKSWAGEN: Spacefox 1.6 06/... VOLKSWAGEN: Voyage G5 1.6 09/... | P93: =IFERROR(VLOOKUP($A93,Lista_Starke!$A:$E,2,0),"NÃO ESTÁ NA LISTA") -> CILINDRO AUXILIAR DE EMBREAGEM
A94: SWC5020 | B94: =IFERROR(VLOOKUP(A94,Pedido!$A:$B,2,0),"") | C94: =IF(B94="","NÃO COMPRA","COMPRA") -> NÃO COMPRA | D94: =IFERROR(VLOOKUP(A94,Pedido!$A:$C,3,0),0) -> 0 | E94: =IFERROR(VLOOKUP(A94,Pedido!$A:$E,5,0),0) -> 0 | F94: A | G94: CILINDRO DE RODA LE/LD RENAULT | H94: CILINDRO DE RODA | I94: RENAULT | J94: C3567 (CONTROIL) | CCR92300 (FORTEC) | K94: 1232 | L94: 0.41315515 | M94: =SUMIF(Relatorio_AK!$A:$A,A94,Relatorio_AK!$B:$B) -> 1232 | N94: =IF(M94=K94,"OK","DIF") -> OK | O94: =IFERROR(VLOOKUP($A94,Lista_Starke!$A:$E,3,0),"NÃO ESTÁ NA LISTA") -> RENAULT: Captur 1.3 Turbo 4X2 20/... RENAULT: Captur 1.6 16V 4X2 16/... RENAULT: Captur 2.0 16V 4X2 16/... RENAULT: Duster 1.3 Turbo 4X2 22/... RENAULT: Duster 1.6 16V 4X2 16/... RENAULT: Duster 2.0 16V 4X2 16/... | P94: =IFERROR(VLOOKUP($A94,Lista_Starke!$A:$E,2,0),"NÃO ESTÁ NA LISTA") -> CILINDRO DE RODA LE/LD
A95: SCC2061 | B95: =IFERROR(VLOOKUP(A95,Pedido!$A:$B,2,0),"") | C95: =IF(B95="","NÃO COMPRA","COMPRA") -> NÃO COMPRA | D95: =IFERROR(VLOOKUP(A95,Pedido!$A:$C,3,0),0) -> 0 | E95: =IFERROR(VLOOKUP(A95,Pedido!$A:$E,5,0),0) -> 0 | F95: A | G95: CILINDRO MESTRE DE EMBREAGEM NISSAN | H95: CILINDRO MESTRE DE EMBREAGEM | I95: NISSAN | J95: 30610EA000 (OEM) | C2725 (CONTROIL) | K95: 1226 | L95: 0.41525104 | M95: =SUMIF(Relatorio_AK!$A:$A,A95,Relatorio_AK!$B:$B) -> 1226 | N95: =IF(M95=K95,"OK","DIF") -> OK | O95: =IFERROR(VLOOKUP($A95,Lista_Starke!$A:$E,3,0),"NÃO ESTÁ NA LISTA") -> NISSAN: Frontier 2.5 8V 08/12 NISSAN: Frontier 2.8 12V MWM 05/08 | P95: =IFERROR(VLOOKUP($A95,Lista_Starke!$A:$E,2,0),"NÃO ESTÁ NA LISTA") -> CILINDRO MESTRE DE EMBREAGEM
A96: SBC1126A | B96: =IFERROR(VLOOKUP(A96,Pedido!$A:$B,2,0),"") | C96: =IF(B96="","NÃO COMPRA","COMPRA") -> NÃO COMPRA | D96: =IFERROR(VLOOKUP(A96,Pedido!$A:$C,3,0),0) -> 0 | E96: =IFERROR(VLOOKUP(A96,Pedido!$A:$E,5,0),0) -> 0 | F96: A | G96: CILINDRO MESTRE DE FREIO TOYOTA | H96: CILINDRO MESTRE DE FREIO | I96: TOYOTA | K96: 1222 | L96: 0.41734008 | M96: =SUMIF(Relatorio_AK!$A:$A,A96,Relatorio_AK!$B:$B) -> 1222 | N96: =IF(M96=K96,"OK","DIF") -> OK | O96: =IFERROR(VLOOKUP($A96,Lista_Starke!$A:$E,3,0),"NÃO ESTÁ NA LISTA") -> TOYOTA: Hilux 2.7 16V Flex 16/... TOYOTA: Hilux 2.8 16V Turbo Diesel 16/... TOYOTA: SW4 2.8 16V Turbo Diesel 16/... | P96: =IFERROR(VLOOKUP($A96,Lista_Starke!$A:$E,2,0),"NÃO ESTÁ NA LISTA") -> CILINDRO MESTRE DE FREIO
A97: SBS8002 | B97: =IFERROR(VLOOKUP(A97,Pedido!$A:$B,2,0),"") | C97: =IF(B97="","NÃO COMPRA","COMPRA") -> NÃO COMPRA | D97: =IFERROR(VLOOKUP(A97,Pedido!$A:$C,3,0),0) -> 0 | E97: =IFERROR(VLOOKUP(A97,Pedido!$A:$E,5,0),0) -> 0 | F97: A | G97: SAPATA DE FREIO FORD | H97: SAPATA DE FREIO | I97: FORD | J97: 203102 (SYL) | 2621CPA (COBREQ) | BPSA0090151 (MAZZICAR) | FD98CP (FRAS-LE) | HQJ501A (JURID) | K97: 1212 | L97: 0.41941203 | M97: =SUMIF(Relatorio_AK!$A:$A,A97,Relatorio_AK!$B:$B) -> 1212 | N97: =IF(M97=K97,"OK","DIF") -> OK | O97: =IFERROR(VLOOKUP($A97,Lista_Starke!$A:$E,3,0),"NÃO ESTÁ NA LISTA") -> FORD: Ecosport 1.0 8V Zetec Rocam 03/12 FORD: Ecosport 1.6 16V Sigma 12/17 FORD: Ecosport 1.6 8V Zetec Rocam 03/12 FORD: Ecosport 2.0 16V Duratec 03/16 FORD: Fiesta 1.0 12V Ecobost 16/18 FORD: Fiesta 1.0 8V Zetec Rocam 02/14 FORD: Fiesta 1.6 8V Zetec Rocam 02/14 | P97: =IFERROR(VLOOKUP($A97,Lista_Starke!$A:$E,2,0),"NÃO ESTÁ NA LISTA") -> SAPATA DE FREIO
A98: SWC5007 | B98: =IFERROR(VLOOKUP(A98,Pedido!$A:$B,2,0),"") | C98: =IF(B98="","NÃO COMPRA","COMPRA") -> NÃO COMPRA | D98: =IFERROR(VLOOKUP(A98,Pedido!$A:$C,3,0),0) -> 0 | E98: =IFERROR(VLOOKUP(A98,Pedido!$A:$E,5,0),0) -> 0 | F98: A | G98: CILINDRO DE RODA LE/LD CITROEN | H98: CILINDRO DE RODA | I98: CITROEN | J98: 0986AB8655 (BOSCH) | 4402F9 (OEM) | 7718 (ATE) | C3538 (CONTROIL) | CCR92279 (FORTEC) | K98: 1201 | L98: 0.42146517 | M98: =SUMIF(Relatorio_AK!$A:$A,A98,Relatorio_AK!$B:$B) -> 1201 | N98: =IF(M98=K98,"OK","DIF") -> OK | O98: =IFERROR(VLOOKUP($A98,Lista_Starke!$A:$E,3,0),"NÃO ESTÁ NA LISTA") -> CITROEN: C3 1.4 8V 10/12 | P98: =IFERROR(VLOOKUP($A98,Lista_Starke!$A:$E,2,0),"NÃO ESTÁ NA LISTA") -> CILINDRO DE RODA LE/LD
A99: SCC2044 | B99: =IFERROR(VLOOKUP(A99,Pedido!$A:$B,2,0),"") | C99: =IF(B99="","NÃO COMPRA","COMPRA") -> NÃO COMPRA | D99: =IFERROR(VLOOKUP(A99,Pedido!$A:$C,3,0),0) -> 0 | E99: =IFERROR(VLOOKUP(A99,Pedido!$A:$E,5,0),0) -> 0 | F99: A | G99: CILINDRO MESTRE DE EMBREAGEM HONDA | H99: CILINDRO MESTRE DE EMBREAGEM | I99: HONDA | J99: C2674 (CONTROIL) | D111001 (FTE) | K99: 1198 | L99: 0.42351318 | M99: =SUMIF(Relatorio_AK!$A:$A,A99,Relatorio_AK!$B:$B) -> 1198 | N99: =IF(M99=K99,"OK","DIF") -> OK | O99: =IFERROR(VLOOKUP($A99,Lista_Starke!$A:$E,3,0),"NÃO ESTÁ NA LISTA") -> HONDA: Civic 1.6 16V 96/00 | P99: =IFERROR(VLOOKUP($A99,Lista_Starke!$A:$E,2,0),"NÃO ESTÁ NA LISTA") -> CILINDRO MESTRE DE EMBREAGEM
A100: SWC5018 | B100: =IFERROR(VLOOKUP(A100,Pedido!$A:$B,2,0),"") -> SWC 5018 | C100: =IF(B100="","NÃO COMPRA","COMPRA") -> COMPRA | D100: =IFERROR(VLOOKUP(A100,Pedido!$A:$C,3,0),0) -> 8 | E100: =IFERROR(VLOOKUP(A100,Pedido!$A:$E,5,0),0) -> 215.92 | F100: A | G100: CILINDRO DE RODA LE/LD FORD | H100: CILINDRO DE RODA | I100: FORD / TROLLER | J100: 0986AB8584 (BOSCH) | 6M342261AB (OEM) | 7685 (ATE) | BWK6001 (TRW) | C3555 (CONTROIL) | CCR92275 (FORTEC) | K100: 1163 | L100: 0.42550136 | M100: =SUMIF(Relatorio_AK!$A:$A,A100,Relatorio_AK!$B:$B) -> 1163 | N100: =IF(M100=K100,"OK","DIF") -> OK | O100: =IFERROR(VLOOKUP($A100,Lista_Starke!$A:$E,3,0),"NÃO ESTÁ NA LISTA") -> FORD: Ranger 2.2 16V TDCi 13/... FORD: Ranger 2.5 Flex Duratec 12/19 FORD: Ranger 3.2 20V TDCi 13/... TROLLER: T4 3.2 20V TDCi 14/... | P100: =IFERROR(VLOOKUP($A100,Lista_Starke!$A:$E,2,0),"NÃO ESTÁ NA LISTA") -> CILINDRO DE RODA LE/LD
...

Sheet Pedido
A1: Código (sem espaço) | B1: Código no pedido | C1: Quantidade | D1: Preço Liq | E1: Total
A2: SBC1011 | B2: SBC 1011 | C2: 4 | D2: 88 | E2: =C2*D2 -> 352
A3: SBC1117 | B3: SBC 1117 | C3: 6 | D3: 113.19 | E3: =C3*D3 -> 679.14
A4: SBC1124 | B4: SBC 1124 | C4: 6 | D4: 220 | E4: =C4*D4 -> 1320
A5: SBC1147 | B5: SBC 1147 | C5: 4 | D5: 242 | E5: =C5*D5 -> 968
A6: SBC1148 | B6: SBC 1148 | C6: 6 | D6: 195.63 | E6: =C6*D6 -> 1173.78
A7: SBC1149 | B7: SBC 1149 | C7: 6 | D7: 143.99 | E7: =C7*D7 -> 863.94
A8: SBC1188 | B8: SBC 1188 | C8: 8 | D8: 266.75 | E8: =C8*D8 -> 2134
A9: SCA8053FL | B9: SCA 8053 FL | C9: 3 | D9: 150 | E9: =C9*D9 -> 450
A10: SCA8053FR | B10: SCA 8053 FR | C10: 3 | D10: 150 | E10: =C10*D10 -> 450
A11: SCA8060FL | B11: SCA 8060 FL | C11: 3 | D11: 198 | E11: =C11*D11 -> 594
A12: SCA8060FR | B12: SCA 8060 FR | C12: 3 | D12: 198 | E12: =C12*D12 -> 594
A13: SCC2010 | B13: SCC 2010 | C13: 8 | D13: 62 | E13: =C13*D13 -> 496
... A26: SCC2003 | B26: SCC 2003 | C26: 10 | D26: 86.49 | E26: =C26*D26 -> 864.9

Sheet Relatorio_AK
A1: Código | B1: AK
A2: SSC3020 | B2: 9169
A3: SCC2064 | B3: 8838
A4: SBC1001 | B4: 4924
A5: SBC1087 | B5: 3768
A6: SBC1068 | B6: 3485
A7: SBC1000 | B7: 3454
A8: SBC1135 | B8: 3315
A9: SBC1090A | B9: 2941
A10: SBC1007 | B10: 2731
A11: SBC1014 | B11: 2656
A12: SBC1011 | B12: 2620
A13: SBC1085 | B13: 2617
... A2653: SFC7033 | B2653: 1

Sheet Lista_Starke
A1: Código (sem espaço) | B1: Produto | C1: Aplicação | D1: Conversões | E1: Observações
A2: SBB13000 | B2: SERVO FREIO | C2: FORD: Ka 1.0 8V Endura 97/99 FORD: Ka 1.0 8V Zetec Rocam 99/07 FORD: Ka 1.3 8V Endura 97/99 | D2: 1035528 (OEM) 97KB2005AA (OEM) 97KB2005AB (OEM) 97KB2005AE (OEM) 97KU2005AA (OEM) 97KU2005AB (OEM) C5638 (CONTROIL) RCSF00970 (TRW) | E2: Ø 200,00 mm Sistema ATE
A3: SBB13001 | B3: SERVO FREIO | C3: GM: Cobalt 1.4 8V 17/... GM: Cobalt 1.8 8V 15/... GM: Onix 1.0 12V 3 cil. Aspirado 19/... GM: Onix 1.0 12V 3 cil. Turbo 19/... GM: Onix 1.0 8V 12/16 GM: Onix 1.4 8V 12/16 GM: Onix 1.4 8V 16/... GM: Prisma 1.4 8V 13/16 | D3: 52019450 (OEM) C5677 (CONTROIL) | E3: Ø 230,00 mm
A4: SBB13002 | B4: SERVO FREIO | C4: GM: Onix 1.0 12V 3 cil. Turbo 19/... GM: Tracker 1.0 12V 3 cil. Turbo 20/... | D4: 897001582 (OEM) C5683 (CONTROIL) | E4: Ø 230,00 mm
A5: SBB13005 | B5: SERVO FREIO | C5: GM: Chevette 1.0 8V 92/93 GM: Chevette 1.6 8V 87/94 GM: Chevy 1.6 8V 87/92 GM: Marajo 1.6 8V 87/90 | D5: 5420 (ATE) 5798 (ATE) 94656135 (OEM) C5616 (CONTROIL) | E5: Ø 200,00 mm Sistem Varga
A6: SBB13006 | B6: SERVO FREIO | C6: VOLKSWAGEN: Gol 1.0 16V Turbo 00/01 VOLKSWAGEN: Parati 1.0 16V Turbo 00/01 | D6: C5665 (CONTROIL) SF2623 (BOSCH) | E6: Ø 230,00
A7: SBB13007 | B7: SERVO FREIO | C7: SEAT: Cordoba 1.6 8V 99/00 SEAT: Cordoba 1.8 8V 94/02 SEAT: Ibiza 1.0 16V 99/02 SEAT: Ibiza 1.6 8V 99/02 SEAT: Ibiza 1.8 8V 94/99 SEAT: Inca 1.6 8V 99/02 VOLKSWAGEN: Polo Classic 1.8 8V 96/03 VOLKSWAGEN: Van 1.6 8V 98/03 | D7: 204125262 (BOSCH) 6K161207F (OEM) 6K161207G (OEM) 6K1612107G (OEM) C5643 (CONTROIL) | E7: Ø 230,00 mm
A8: SBB13008 | B8: SERVO FREIO | C8: GM: Ipanema 1.8 8V Sist. ATE 91/97 GM: Ipanema 2.0 8V Sist. ATE 91/97 GM: Ipanema 2.0 8V Sist. Bosch 91/97 GM: Kadett 1.8 8V Sist. Varga 89/97 GM: Kadett 2.0 8V Sist. Varga 91/97 | D8: 52256123 (OEM) 52286809 (OEM) 6436 (ATE) C5614 (CONTROIL) NKF10014 (NAKATA) RCSF00611 (TRW) SF3956 (BOSCH) | E8: Ø 200,00 mm
A9: SBB13010 | B9: SERVO FREIO | C9: HONDA: HRV 1.5 16V Turbo 19/... HONDA: HRV 1.8 16V 15/22 | D9: C5686 (CONTROIL) NM230V74 (OEM) | E9: Ø 230,00 mm
A10: SBB13011 | B10: SERVO FREIO | C10: GM: Chevette 1.4 8V 77/86 GM: Chevette 1.6 8V 82/86 GM: Chevy 1.6 8V 83/86 GM: Marajo 1.6 8V 82/86 | D10: 2252624 (OEM) 2253417 (OEM) 94622158 (OEM) C5602 (CONTROIL) SF3417 (BOSCH) | E10: Ø 216,00 mm
A11: SBB13012 | B11: SERVO FREIO | C11: AGRALE: 1600 A 2.5 L 8V SOHC L4 Sist. Varga 86/89 AGRALE: 1600 D SERIE 229 3.0 L 6V SOHV L3 Sist. Varga 86/89 AGRALE: 1600 D SERIE 229 3.9 L 8V SOHV L4 Sist. ATE 86/89 AGRALE: 1800 D Q20B 3.9 L 8V SOHV L4 Sist. ATE 88/89 AGRALE: 1800 D SERIE 229 3.9 L 8V SOHV L4 Sist. ATE 88/89 GM: A10 4.1 12V 6 cil. Sist. ATE 85/88 GM: A20 4.1 12V 6 cil. Sist. ATE 85/88 GM: A20 4.1 12V 6 cil. Sist. Varga 85/88 GM: C20 4.1 12V 6 cil. Sist. Varga 85/89 | D11: 6442 (ATE) 94632228 (OEM) C5621 (CONTROIL) RCSF00060 (TRW) SF3646 (BOSCH) | E11: Ø 200,00 mm
A12: SBB13013 | B12: SERVO FREIO | C12: FORD: Ka 1.0 8V Zetec Rocam 01/07 FORD: Ka 1.6 8V Zetec Rocam 01/07 | D12: 7893049567138 (OEM) C5671 (CONTROIL) | E12: Ø 200,00 mm
... A20: SBB13026 | B20: SERVO FREIO | C20: MITSUBISHI: L200 2.5 8V 4D56 94/96 MITSUBISHI: L200 2.5 8V 4D56 97/03 MITSUBISHI: L200 Sport 2.5 8V 4D56 97/03 | D20: C5663 (CONTROIL) MB618976 (OEM) | E20: Ø 230,00 mm
A21: SBB13027 | B21: SERVO FREIO | C21: GM: Corsa Sedan / Wagon 1.6 16V 97/98 | D21: 5938 (ATE) 93272823 (OEM) C5647 (CONTROIL)
A22: SBB13028 | B22: SERVO FREIO | C22: VOLKSWAGEN: Santana 2.0 8V AP 94/06 | D22: 2265406S (OEM) C5652 (CONTROIL) SF5406S (BOSCH) | E22: Ø 230,00 mm Modelos com ABS
A23: SBB13029 | B23: SERVO FREIO | C23: FORD: Escort 1.6 8V AP Sist. Varga 94/96 FORD: Escort 1.8 8V AP Sist. Varga 94/96 FORD: Escort 2.0 8V AP Sist. ATE/Bosch 94/96 FORD: Escort XR/XR3 2.0 8V AP Sist. Varga 94/96 FORD: Verona 1.8 8V AP Sist. ATE/Bosch 94/96 FORD: Verona 2.0 8V AP Sist. ATE/Bosch 94/96 VOLKSWAGEN: Logus 1.6 8V AP Sist. ATE/Bosch 94/96 VOLKSWAGEN: Logus 1.8 8V AP Sist. ATE/Bosch 94/96 VOLKSWAGEN: Logus 2.0 8V AP Sist. ATE/Bosch 94/96 VOLKSWAGEN: Pointer 1.8 8V AP Sist. ATE/Bosch 94/96 VOLKSWAGEN: Pointer 2.0 8V AP Sist. ATE/Bosch 94/96 VOLKSWAGEN: Pointer GTI 2.0 8V AP Sist. ATE/Bosch 94/96 | D23: 547612907A (OEM) C5623 (CONTROIL) RCSF00816 (TRW) | E23: Ø 230,00 mm
A24: SBB13030 | B24: SERVO FREIO | C24: FIAT: Argo 1.0 6V 3 cil. Firefly 19/... FIAT: Argo 1.3 8V Firefly 17/... FIAT: Argo 1.8 16V Etorq 17/21 FIAT: Cronos 1.0 6V 3 cil. Firefly c/ ABS 22/... FIAT: Cronos 1.3 8V Firefly 18/22 FIAT: Cronos 1.3 8V Firefly 22/... FIAT: Cronos 1.8 16V Etorq 19/22 FIAT: Fiorino 1.4 8V Fire Evo 20/... FIAT: Fiorino 1.4 8V Fire Evo c/ ABS 13/20 FIAT: Fiorino 1.4 8V Fire Evo c/ ABS 16/20 FIAT: Grand Siena 1.4 8V Fire Evo c/ ABS 13/20 FIAT: Grand Siena 1.6 16V Etorq c/ ABS 13/18 FIAT: Mobi 1.0 8V Fire Evo c/ ABS 17/... FIAT: Palio 1.0 8V Fire 13/16 FIAT: Palio 1.4 8V Fire Evo 14/18 FIAT: Palio 1.6 16V Etorq 12/18 FIAT: Uno 1.0 6V 3 cil. Firefly c/ ABS 17/21 FIAT: Uno 1.0 8V Fire Evo c/ ABS 13/17 FIAT: Uno 1.3 8V Firefly 16/19 FIAT: Uno 1.4 8V Fire Evo c/ ABS 13/14 FIAT: Uno 1.4 8V Fire Evo c/ ABS 14/... FIAT: Uno 1.4 8V Fire Evo c/ ABS 14/16 FIAT: Uno Mille 10. 8V Fire c/ ABS 13/13 FIAT: Uno Way 1.0 6V 3 cil. Firefly c/ ABS 16/20 | D24: 51934114 (OEM) C5678 (CONTROIL) | E24: Ø 230,00 mm
A25: SBB13031 | B25: SERVO FREIO | C25: RENAULT: Logan 1.0 12V 3 cil. 19/... RENAULT: Logan 1.6 16V H4M 17/... RENAULT: Logan 1.6 8V K7M 15/... RENAULT: Sandero 1.0 12V 3 cil. 17/... RENAULT: Sandero 1.0 16V D4D 14/17 RENAULT: Sandero 1.6 16V H4M 17/19 RENAULT: Sandero 1.6 16V K7M 15/16 RENAULT: Sandero 1.6 8V K7M 16/17 | D25: 472103385R (OEM) C5687 (CONTROIL) | E25: Ø 230,00 mm
A26: SBB13032 | B26: SERVO FREIO | C26: RENAULT: Captur 1.6 16V SCE H4M 16/21 RENAULT: Captur 2.0 16V F4R 16/21 RENAULT: Duster 1.6 16V SCE H4M 11/21 RENAULT: Duster 2.0 16V F4R 11/21 RENAULT: Oroch 1.6 16V SCE H4M 16/21 RENAULT: Oroch 2.0 16V F4R 16/21 | D26: 472104244R (OEM) | E26: Sistema ATE
A27: SBB13033 | B27: SERVO FREIO | C27: PEUGEOT: 206 1.0 16V D4D 01/04 PEUGEOT: 206 1.4 8V TU3JP 05/09 PEUGEOT: 206 1.6 8V TU5JP4 99/01 PEUGEOT: 207 1.4 8V TU3JP 09/11 | D27: 204125605 (BOSCH) 4535J2 (OEM) 6065 (ATE) C5664 (CONTROIL) | E27: Ø 230,00 mm
A28: SBB13034 | B28: SERVO FREIO | C28: FIAT: Palio 1.0 8V Fire 03/11 FIAT: Palio 1.0 8V Fire 05/10 FIAT: Palio 1.3 16V 00/03 FIAT: Palio 1.3 8V Fire 02/03 FIAT: Palio 1.4 8V Fire 07/08 FIAT: Palio 1.4 8V Fire Evo 11/17 FIAT: Palio 1.6 16V Etorq 10/17 FIAT: Palio 1.8 8V Powertrain 03/10 FIAT: Palio Weekend 1.3 8V Fire 02/04 FIAT: Palio Weekend 1.4 8V Fire 08/... FIAT: Palio Weekend 1.6 16V Etorq 10/12 FIAT: Palio Weekend 1.8 8V Powertrain 03/04 FIAT: Palio Weekend Adventure Locker 1.8 16V Etorq 10/12 FIAT: Palio Weekend Adventure Locker 1.8 8V Powertrain 04/08 FIAT: Siena 1.0 16V Fire 00/03 FIAT: Siena 1.0 8V Fire 04/09 FIAT: Siena 1.0 8V Fire 06/10 FIAT: Siena 1.3 16V Fire 00/03 FIAT: Siena 1.4 8V Fire 07/12 FIAT: Siena 1.6 16V Etorq 10/12 FIAT: Siena 1.8 8V Powertrain 07/10 FIAT: Strada 1.3 8V Fire 02/05 FIAT: Strada 1.4 8V Fire 05/12 FIAT: Strada 1.8 16V Etorq 10/12 FIAT: Strada 1.8 8V Powertrain 05/10 | D28: 204032385 (BOSCH) 6027 (ATE) 6031 (ATE) 7081979 (OEM) 7082042 (OEM) C5656 (CONTROIL) SF2622 (BOSCH) | E28: Ø 230,00 mm
A29: SBB13035 | B29: SERVO FREIO | C29: GM: Astra 2.0 8V 95/96 GM: Vectra 2.0 8V 94/96 GM: Vectra GSI 2.0 16V 94/96 | D29: 3492871 (OEM) C5642 (CONTROIL) | E29: Ø 230,00 mm
A30: SBB13036 | B30: SERVO FREIO | C30: FIAT: Palio 1.0 8V FIASA Sist. ATE/Bosch 98/99 FIAT: Palio 1.5 8V FIASA Sust. ATE/Bosch 98/99 FIAT: Palio 1.6 8V SEVEL Sist. ATE/Bosch 98/99 FIAT: Palio Economy 1.5 8V FIASA Sist. ATE/Bosch 99/99 FIAT: Palio Weekend 1.0 8V FIASA Sist. ATE/Bosch 99/99 FIAT: Palio Weekend 1.6 8V SEVEL Sist. ATE/Bosch 99/99 FIAT: Siena 1.6 8V SEVEL Sist. ATE/Bosch 98/99 FIAT: Strada 1.5 8V SEVEL Sist. ATE/Bosch 99/99 FIAT: Strada 1.6 8V FIASA Sist. ATE/Bosch 99/99 | D30: 5922 (ATE) 5979 (ATE) 7079575 (OEM) 7081252 (OEM) C5636 (CONTROIL) SF9388 (BOSCH) | E30: Ø 230,00 mm
A31: SBB13037 | B31: SERVO FREIO | C31: FORD: Ecosport 1.6 8V Zetec Rocam c/ ABS 10/12 FORD: Ecosport 2.0 16V 4x4 Duratec c/ ABS 10/12 FORD: Ecosport 2.0 16V Duratec c/ ABS 10/12 FORD: Fiesta 1.0 8V Zetec Rocam c/ ABS 10/14 FORD: Fiesta 1.6 8V Zetec Rocam c/ ABS 10/14 | D31: 6938 (ATE) 6S652005AB (OEM) C5680 (CONTROIL) | E31: Ø 230,00 mm
A32: SBB13039 | B32: SERVO FREIO | C32: FORD: Courier 1.3 8V Endura Sist. ATE/Bosch 97/99 FORD: Courier 1.4 16V Zetec Sist. ATE/Bosch 97/99 FORD: Courier 1.6 8V Zetec Rocam Sist. ATE/Bosch 07/09 FORD: Courier 1.6 8V Zetec Rocam Sist. ATE/Bosch 99/07 FORD: Fiesta 1.0 8V Endura Sist. ATE/Bosch 96/99 FORD: Fiesta 1.0 8V Zetec Rocam Sist. ATE/Bosch 01/04 FORD: Fiesta 1.3 8V HCS Sist. ATE/Bosch 95/99 FORD: Fiesta 1.6 8V Zetec Rocam Sist. ATE/Bosch 99/05 FORD: Ka 1.6 8V Zetec Rocam Sist. ATE/Bosch 08/14 | D32: 6443 (ATE) 96FB2005EF (OEM) 97FU2005AA (OEM) 97FU2005AB (OEM) 986485129 (BOSCH) C5635 (CONTROIL) RCSF00960 (TRW) | E32: Ø 230,00 mm
A33: SBB13040 | B33: SERVO FREIO | C33: RENAULT: Clio 1.6 8V K7M 96/99 | D33: 204125153 (BOSCH) 7701204854 (OEM) 7701204857 (OEM) 7702217954 (OEM) C5655 (CONTROIL) | E33: Ø 200,00 mm
... A61: SBB13080 | B61: SERVO FREIO | C61: TOYOTA: Hilux 2.5 Turbo Diesel 2KD 05/15 TOYOTA: Hilux 3.0 Turbo Diesel 1KD 05/15 TOYOTA: SW4 3.0 Turbo Diesel 1KD 05/15 | D61: 44610-09290 (OEM) | E61: Apenas para modelos sem controle de estabilidade
A62: SBB13082 | B62: SERVO FREIO | C62: MITSUBISHI: L200 Outdoor 2.5 8V TD 08/11 MITSUBISHI: L200 Savana 2.5 8V TD 08/11 MITSUBISHI: L200 Sport 2.5 8V TD 03/07 | D62: MR449474 (OEM)
A63: SBB13083 | B63: SERVO FREIO | C63: MITSUBISHI: Pajero Dakar 3.2 16V Diesel 4M41 DI-D 07/13 MITSUBISHI: Pajero Full 3.2 16V Diesel 4M41 DI-D 07/13 MITSUBISHI: Triton 3.2 16V Diesel 4M41 DI-D 07/13 MITSUBISHI: Triton 3.5 V6 24V Flex 6G74 10/13 MITSUBISHI: Triton 3.5 V6 24V Gasolina 6G74 07/13 | D63: 4630A173 (OEM)
A64: SBB13084 | B64: SERVO FREIO | C64: GM: Blazer 2.2 EFI 95/98 GM: Blazer 2.2 MPFI 97/00 GM: Blazer 2.4 MPFI 00/12 GM: Blazer 2.5 Diesel 4x4 97/00 GM: Blazer 2.8 Diesel 00/12 GM: Blazer 4.3 V6 MPFI 96/03 GM: S10 2.2 EFI 95/97 GM: S10 2.2 MPFI 97/00 GM: S10 2.4 MPFI 00/12 GM: S10 2.8 Diesel 4x4 00/12 GM: S10 4.3 V6 96/03 TROLLER: T4 2.8 Turbo Diesel NGD 01/05 TROLLER: T4 3.0 Turbo Diesel NGD 99/... TROLLER: T4 3.2 20V Turbo Diesel 14/... | D64: 0204032381 (BOSCH) 0204032382 (BOSCH) 02040C2062 (BOSCH) 7908449963821 (OEM) SF2062 (BOSCH) SF5610S (BOSCH) | E64: Ø 205,00 mm
A65: SBB13088 | B65: SERVO FREIO | C65: FORD: Transit 2.2 16V Duratorq 08/14 FORD: Transit 2.4 16V Duratorq Puma 08/14 | D65: 0204125857 (BOSCH) 0204774973 (BOSCH) 0204774975 (BOSCH) 6C112005BE (OEM) SF4975 (BOSCH) | E65: Ø 431,00 MM
A66: SBB13089 | B66: SERVO FREIO | C66: NISSAN: Frontier 2.5 16V YD25DDTi 08/16 | D66: 0204844200 (BOSCH) 47210-JR80A (OEM) | E66: Ø 248,00 mm Apenas para modelos: 144cv 163cv 172cv
A67: SBB13113 | B67: SERVO FREIO | C67: GM: Classic 1.0 8V VHCE 08/10 | D67: 6475 (ATE) 94736008 (OEM) C5672 (CONTROIL) | E67: Ø 200,00 mm
A68: SBB13125 | B68: SERVO FREIO | C68: GM: Agile 1.4 8V 11/14 | D68: 6949 (ATE) 94757697 (OEM) | E68: Ø 225,00 MM C/ ABS Sistema ATE
A69: SBB13137 | B69: HIDROBOOSTER | C69: FORD: F250 4.2 16V Cummins 4BTAA 98/12 FORD: F250 4.2 16V MWM 6.07 TCA 98/12 FORD: F250 4.2 V6 Diesel 98/12 FORD: F250 Super Duty 3.9 16V Cummins 98/12 FORD: F250 Super Duty 4.2 V6 Diesel 98/12 FORD: F250 Tropical 4.2 18V MWM 6.07TCA 04/12 FORD: F250 Tropical 4.2 V6 Diesel 98/12 FORD: F350 3.9 16V Cummins 4BTAA 98/19 FORD: F350 3.9 8V Cummins 4bTAA 98/19 FORD: F4000 2.9 8V MWM 229/4 98/19 FORD: F4000 3.9 8V Cummins 4BTT 98/19 | D69: 1C3Z2005AA (OEM) 5C7Z2005B (OEM) 7C3Z2005A (OEM)
A70: SBB13139 | B70: SERVO FREIO | C70: MITSUBISHI: Pajero IO 1.8 16V 4G93 99/02 MITSUBISHI: Pajero TR4 2.0 16V 00/… MITSUBISHI: Pajero TR4 2.0 20V 4G94 04/… | D70: MR370642 (OEM)
A71: SBB13140 | B71: SERVO FREIO | C71: FORD: Edge 3.5 V6 11/14 | D71: BA1Z2005A (OEM)
A72: SBB13141 | B72: SERVO FREIO | C72: HONDA: New Civic 1.8 16V 07/11 HONDA: New Civic 1.8 16V 12/16 HONDA: New Civic 2.0 16V 13/16 | D72: 01469TR8M00 (OEM) | E72: Ø 240,00 mm
A73: SBB13142 | B73: SERVO FREIO | C73: HYUNDAI: HR 2.5 16V Diesel 13/22 KIA: Bongo K2500 2.5 16V Diesel 13/22 | D73: 586104F010 (OEM)
A74: SBB13143 | B74: SERVO FREIO | C74: MERCEDES-BENZ: Sprinter 311 2.2 CDI OM651 12/17 MERCEDES-BENZ: Sprinter 415 2.2 CDI OM651 12/19 MERCEDES-BENZ: Sprinter 515 2.2 CDI OM651 12/19 | D74: 9064301408 (OEM) A9064301408 (OEM) A9064301408Q9 (OEM)
A75: SBB13145 | B75: SERVO FREIO | C75: MERCEDES-BENZ: Sprinter 311 CDI 2.2 16V Diesel OM611 02/12 MERCEDES-BENZ: Sprinter 313 CDI 2.2 16V Diesel OM611 02/12 MERCEDES-BENZ: Sprinter 411 CDI 2.2 16V Diesel OM611 02/12 MERCEDES-BENZ: Sprinter 413 CDI 2.2 16V Diesel OM611 02/12 | D75: 0004311827 (OEM) A0004311827 (OEM) A0014300008 (OEM) A0014300308 (OEM)
A76: SBB13146 | B76: SERVO FREIO | C76: RENAULT: Master 2.3 16V Turbo 13/24 | D76: 472100453R (OEM) 472109102R (OEM) | E76: Ø 260,00 mm
A77: SBB13147 | B77: SERVO FREIO | C77: RENAULT: Master 2.5 16V G9U 05/12 RENAULT: Master 2.8 8V 03/06 | D77: 7701208175 (OEM) 8200883919 (OEM)
A78: SHP11000 | B78: BOMBA DE ALTA PRESSÃO GDI | C78: AUDI: A3 1.8 TFSI BZB/CABD Gasolina 07/08 VOLKSWAGEN: Eos 2.0 FSI CCTA 08/15 VOLKSWAGEN: Tiguan 2.0 TSI CAWB 09/12 | D78: 0261520055 (OEM) 0261520472 (BOSCH) 06h127025E (OEM) 06H127025G (OEM) 06H127025K (OEM) 06H127025M (OEM) 06H127025N (OEM) 06H127025Q (OEM) 06H127025R (OEM) | E78: Necessário verificar no veículo a tubulação de alta pressão para o rail, deve ser aplicado com adaptadores do fabricante do veículo caso necessário.
A79: SHP11001 | B79: BOMBA DE ALTA PRESSÃO GDI | C79: BMW: 116i 1.6 16V N13B16A 09/12-02/14 BMW: 118i 1.6 16V N13B16A 11/12-02/14 BMW: 316i 1.6 16V N13B16A 07/12-02/14 | D79: 0261520149 (BOSCH) 0261520150 (BOSCH) 13517607159 (OEM)
A80: SHP11002 | B80: BOMBA DE ALTA PRESSÃO GDI | C80: BMW: 125i (F20) 2.0 16V N20B20 12/16 BMW: 125i (F21) 2.0 16V N20B20 12/16 BMW: 320i 2.0 16V N20B20 12/16 BMW: 320i (F30/F80) 2.0 16V N20B20 11/... BMW: 320i GT (F34) 2.0 16v N20B20 12/16 BMW: 328i 2.0 16V N20B20A 12/16 BMW: 420i (F32/F82) 2.0 16V N20B20 11/... BMW: 428i (F32/F82) 2.0 16V N20B20A 13/... BMW: 520i (F10/F18) 2.0 16V N20B20A 10/16 BMW: 528i (F10/F18) 2.0 16V N20B20A 10/16 BMW: X1 (E84) sDrive 16i 1.6 16V N20B20A 13/15 BMW: X1 (E84) sDrive 20i 2.0 16V N20B20A 11/15 BMW: X1 (E84) xDrive 20i 2.0 16V N20B20A 11/15 BMW: X1 (E84) xDrive 28i 2.0 16V N20B20A 11/15 BMW: X3 (F25) xDrive 20i 2.0 16V N20B20A 11/... BMW: X3 (F25) xDrive 28i 2.0 16V N20B20A 11/... BMW: Z4 (E89) sDrive 18i 2.0 16V N20B20A 13/... BMW: Z4 (E89) sDrive 20i 2.0 16V N20B20 11/... | D80: 0261520147 (BOSCH) 0261520148 (BOSCH) 13517584461 (OEM) | E80: Não se aplica em veículos flex
A81: SHP11003 | B81: BOMBA DE ALTA PRESSÃO GDI | C81: BMW: 125i (F20/F21) 2.0 16V N20B20 11/18 BMW: 220i (F22) 2.0 16V N20B20 13/18 BMW: 220i (F23) 2.0 16V N20B20 14/18 BMW: 228i (F22) 2.0 16V N20B20 14/18 BMW: 228i (F23) 2.0 16V N20B20 14/18 BMW: 320i (F30/F80) 2.0 16V N20B20 11/18 BMW: 320i (F31) 2.0 16V N20B20 12/15 BMW: 320i GT (F34) 2.0 16v N20B20 12/16 BMW: 328i (F31) 2.0 16V N20B20 12/16 BMW: 420i (F32/F82) 2.0 16V N20B20 13/18 BMW: 420i (F36) 2.0 16V N20B20 14/18 BMW: 428i (F32/F82) 2.0 16V N20B20 13/18 BMW: 428i (F36) 2.0 16V N20B20 14/18 BMW: 520i (F10/F18) 2.0 16V N20B20 10/16 BMW: 520i (F11) 2.0 16V N20B20 10/... BMW: 528i (F10/F18) 2.0 16V N20B20 10/16 BMW: 528i (F11) 2.0 16V N20B20 11/... BMW: X1 (E84) sDrive 16i 1.6 16V N20B20 13/15 BMW: X1 (E84) sDrive 20i 2.0 16V N20B20 11/15 BMW: X1 (E84) xDrive 28i 2.0 16V N20B20 11/15 BMW: X3 (F25) sDrive 20i 2.0 16V N20B20 14/18 BMW: X3 (F25) xDrive 28i 2.0 6V N20B20 11/18 BMW: X4 (F26) xDrive 20i 2.0 16V N20B20 14/18 BMW: X4 (F26) xDrive 28i 2.0 16V N20B20 14/18 BMW: X5 (F15/F85) xDrive 40e 2.0 16V N20B20 15/18 BMW: Z4 (E89) sDrive 18i 2.0 16V N20B20 13/18 BMW: Z4 (E89) sDrive 20i 2.0 16V N20B20 11/18 | D81: 0261520281 (BOSCH) 0261520282 (BOSCH) 13518604229 (OEM)
A82: SHP11004 | B82: BOMBA DE ALTA PRESSÃO GDI | C82: BMW: 116i (F20) 1.6 16V N13B16A 10/... BMW: 116i (F21) 1.6 16V N13B16A 11/... BMW: 118i (F20) 1.6 16V N13B16A 10/... BMW: 118i (F21) 1.6 16V N13B16A 12/... BMW: 120i (F20) 2.0 16V N13B16A 15/... BMW: 120i (F21) 2.0 16V N13B16A 15/... BMW: 316i (F30/F80) 1.6 16V N13B16A 12/16 BMW: 320i (F30/F80) 1.6 16V N13B16A 12/16 | D82: 0261520287 (BOSCH) 0261520288 (BOSCH) 13518605103 (OEM)
A83: SHP11005 | B83: BOMBA DE ALTA PRESSÃO GDI | C83: FORD: Fusion 2.0 16V Turbo Ecoboost 13/... JAGUAR: F-Pace 2.0 Turbo Gasolina 204PT 16/... LAND ROVER: Discovery Sport 2.0 Turbo Gasolina 204PT 14/... LAND ROVER: Evoque 2.0 Turbo Gasolina 204PT 11/19 LAND ROVER: Freelander 2 2.0 Turbo Gasolina 204PT 06/14 VOLVO: S60 2.0 T5 B4204T7 10/18 VOLVO: XC60 T5 2.0 20V Turbo 5 cil B4204T7 08/17 | D83: 1682260 (OEM) 31359675 (OEM) 5162174 (OEM) AG9E9D376AA (OEM) AG9E9D376AB (OEM) AG9G9350BB (OEM) LR025599 (OEM)
A84: SHP11006 | B84: BOMBA DE ALTA PRESSÃO GDI | C84: CITROEN: C4 / C4 Picasso 1.6 16V / 1.6 16V THP EP6 / EP6DT 14/18 CITROEN: C4 Lounge 1.6 16V THP EP6DT / EP6DTS 14/21 CITROEN: DS3 1.6 16V THP EP6DT / EP6DTS 12/15 CITROEN: DS4 1.6 16V THP EP6DT / EP6DTS 11/15 CITROEN: DS5 1.6 16V THP EP6DT / EP6DTS 11/15 PEUGEOT: 2008 1.6 16V THP EP6DT / EPDDTS 15/… PEUGEOT: 3008 1.6 16V THP EP6DT / EPDDTS 13/18 PEUGEOT: 308 1.6 16V THP EP6DT / EPDDTS 13/17 PEUGEOT: 5008 1.6 16V THP EP6DT / EPDDTS 17/21 PEUGEOT: RCZ 1.6 16V THP EP6DT / EPDDTS 11/15 | D84: 0261520433 (BOSCH) 9815930180 (OEM)
A85: SHP11007 | B85: BOMBA DE ALTA PRESSÃO GDI | C85: MERCEDES-BENZ: C180 CGI (W204) 1.6 16V M274 08/14 MERCEDES-BENZ: C180 CGI (W205) 1.6 16V M274 15/19 MERCEDES-BENZ: C200 (W205) 2.0 16V M274 14/19 MERCEDES-BENZ: C250 (W205) 2.0 16V M274 14/19 MERCEDES-BENZ: C300 (W205) 2.0 16V M274 15/19 MERCEDES-BENZ: C350 (W205) 2.0 16V M274 15/19 MERCEDES-BENZ: E250 (W213) 2.0 16V M274 16/19 MERCEDES-BENZ: E300 (W213) 2.0 16V M274 16/19 MERCEDES-BENZ: E350 (W213) 2.0 16V M274 16/19 MERCEDES-BENZ: GLC250 (X253) 2.0 16V M274 15/19 MERCEDES-BENZ: GLC350 (X253) 2.0 16V M274 15/19 MERCEDES-BENZ: GLK250 (X204) 2.0 16V M274 13/15 MERCEDES-BENZ: SLC300 (R172) 2.0 16V M274 16/19 MERCEDES-BENZ: SLK300 (R172) 2.0 16M M274 15/19 | D85: 0261520215 (BOSCH) A2740700401 (OEM) A2740700501 (OEM)
A86: SHP11008 | B86: BOMBA DE ALTA PRESSÃO GDI | C86: AUDI: A3 2.0 16V TFSI CCZA / CAWB 05/13 AUDI: A3 2.0 16V TFSI CCZA / CAWB 08/14 AUDI: A4 2.0 16V TFSI CAEA / CDNB / CFKA 08/14 AUDI: A4 2.0 16V TFSI CAEA / CDNB / CFKA 12/15 AUDI: A4 2.0 16V TFSI CAED / CNCD 13/15 AUDI: A5 2.0 16V TFSI CDNB / CDNC 08/16 AUDI: A5 2.0 16V TFSI CNCD 12/16 AUDI: A6 2.0 16V TFSI CAED 15/18 AUDI: A6 2.0 16V TFSI CDNB 11/… AUDI: Q3 2.0 16V TFSI CCZC / CULB / CPSA 11/15 AUDI: Q3 2.0 16V TFSI CCZC / CULB / CPSA 16/18 AUDI: Q5 2.0 16V TFSI CDNB / CNCB / CAEB / CDNC 09/12 AUDI: Q5 2.0 16V TFSI CDNB / CNCB / CAEB / CDNC 15/17 AUDI: TT 2.0 16V TFSI BWA / CCZA / CESA / CCTA 09/14 VOLKSWAGEN: Beetle 2.0 16V TSI CBFA / CCTA / CCZA 13/… VOLKSWAGEN: Golf GTI 2.0 16V TSI CBFA / CCTA / CCZA 13/… VOLKSWAGEN: Jetta 2.0 16V TSI CBFA / CCTA / CCZA / CPLA / CPPA 10/13 VOLKSWAGEN: Jetta 2.0 16V TSI 211cv 13/17 VOLKSWAGEN: New Beetle 2.0 16V TSI 211cv 12/16 VOLKSWAGEN: Passat / Variant 2.0 16V TSI CCZB 10/15 VOLKSWAGEN: Passat CC 2.0 16V TSI CBFA / CCTA / CCZA / CPLA / CPPA 11/… VOLKSWAGEN: Tiguan 2.0 16V TFSI CAWB / CCTA / CCZA 07/16 VOLKSWAGEN: Tiguan 2.0 16V TSI 211cv 11/18 | D86: 06J127025C (OEM) 06J127025F (OEM) 06J127025G (OEM) 06J127025J (OEM) 706032100 (PIERBURG) HFS0345131 (HITACHI)
A87: SHP11009 | B87: BOMBA DE ALTA PRESSÃO GDI | C87: FORD: Ecosport 2.0 16V Duratec 17/21 FORD: Focus 2.0 16V Duratec 13/19 | D87: CM5E9D376CB (OEM) CM5Z9350CA (OEM)
A88: SHP11010 | B88: BOMBA DE ALTA PRESSÃO GDI | C88: AUDI: A1 1.4 16V TFSI 14/18 AUDI: A3 1.4 16V TFSI 14/20 AUDI: Q3 1.4 16V TFSI 19/21 VOLKSWAGEN: Golf 1.4 16V TSI 14/17 VOLKSWAGEN: Golf Variant 1.4 16V TSI 15/18 VOLKSWAGEN: Jetta 1.4 16V TSI 16/18 VOLKSWAGEN: Jetta 1.4 16V TSI 18/20 VOLKSWAGEN: Polo GTS 1.4 16V TSI 20/... VOLKSWAGEN: Tiguan 1.4 16V TSI 17/21 | D88: 0261520572 (BOSCH) 04E127025A (OEM) 04E127025B (OEM) 04E127025D (OEM) 04E127026F (OEM) 04E127026K (OEM)
A89: SHP11011 | B89: BOMBA DE ALTA PRESSÃO GDI | C89: AUDI: A3 1.8 16V TFSI CJSA/CJSB 12/16 AUDI: A3 2.0 16V TFSI CZPB/DKZA 16/22 AUDI: A4 1.8 16V TFSI CJEB 15/... AUDI: A4 2.0 16V TFSI CNCD 15/... AUDI: A5 1.8 16V TFSI CABD/CJEB/CJEE 07/17 AUDI: A5 2.0 16V TFSI CNCD/CNCE 13/17 AUDI: Q3 2.0 16V TFSI CULB/CCTA 14/... AUDI: Q5 2.0 16V TFSI CDNB/CNCB/CNCD/CNCE 17/... AUDI: Q7 2.0 16V TFSI CYRB/CYMC/DMFB 15/... VOLKSWAGEN: Golf 2.0 16V TSI CULC 13/... VOLKSWAGEN: Golf GTI 2.0 16V TSI DLBA/DNPA/DRNA 13/... VOLKSWAGEN: Jetta GLI 2.0 16V TSI 19/... VOLKSWAGEN: Passat 2.0 16V TSI CZPB/DKZA/DRFA/DNNA/DUNA 18/... VOLKSWAGEN: Tiguan 2.0 16V TSI CZPA/CHHB 16/... VOLKSWAGEN: Tiguan R Line 2.0 16V 18/... | D89: 06L127025K (OEM) 06L127025M (OEM) 06L127025N (OEM) 06L127025P (OEM) 06L127025Q (OEM) 06L127025R (OEM) 06L127025T (OEM)
A90: SHP11012 | B90: BOMBA DE ALTA PRESSÃO GDI | C90: AUDI: A3 2.0 16V FSI 150CV 03/08 AUDI: A4 2.0 16V FSI 04/08 VOLKSWAGEN: Jetta 2.5 20V 5 cil 07/11 VOLKSWAGEN: Passat 2.0 16V B6 05/10 | D90: 06F127025A (OEM) 06F127025D (OEM) 06F127025N (OEM)
A91: SHP11013 | B91: BOMBA DE ALTA PRESSÃO GDI | C91: AUDI: Q7 3.6 V6 FSI 07/15 PORSCHE: Cayenne 3.6 V6 08/18 VOLKSWAGEN: Passat CC 3.6 V6 07/17 VOLKSWAGEN: Touareg 3.6 V6 07/17 | D91: 03H127025C (OEM) 706032140 (PIERBURG) 95511031600 (OEM) HFS85303B (HITACHI)
A92: SHP11014 | B92: BOMBA DE ALTA PRESSÃO GDI | C92: AUDI: A1 1.4 TSI 11/14 AUDI: A3 1.4 TFSI 16/21 AUDI: Q3 1.4 TFSI 12/14 VOLKSWAGEN: Golf 1.4 TSI 13/... VOLKSWAGEN: Jetta 1.4 TSI 11/18 VOLKSWAGEN: Passat 1.4 TSI 10/14 VOLKSWAGEN: Polo GTS 1.4 TSI 20/... VOLKSWAGEN: T-Cross 1.4 TSI 20/22 VOLKSWAGEN: Taos 1.4 TSI 21/... VOLKSWAGEN: Tiguan 1.4 TSI 17/21 VOLKSWAGEN: Virtus GTS 1.4 TSI 20/... | D92: 04E127026AA (OEM) 04E127026AG (OEM) 04E127026BC (OEM) 04E127026BD (OEM) 04E127026BJ (OEM)
... A109: SHP11034 | B109: BOMBA DE ALTA PRESSÃO GDI | C109: HYUNDAI: New Tucson 1.6 16V GDI Turbo 17/22 HYUNDAI: Veloster 1.6 16V GDI 12/17 | D109: 353202B220 (OEM)
A110: SCA8000FL | B110: BANDEJA INFERIOR COMPLETA LE | C110: AUDI: Q3 19/... AUDI: Q3 Sportback 19/... | D110: AD12015C (GRAZZIMETAL) | E110: C/ Bucha C/ Pivô
A111: SCA8000FR | B111: BANDEJA INFERIOR COMPLETA LD | C111: AUDI: Q3 19/... AUDI: Q3 Sportback 19/... | D111: AD12014C (GRAZZIMETAL) | E111: C/ Bucha C/ Pivô
A112: SCA8001FL | B112: BANDEJA INFERIOR COMPLETA LE | C112: HYUNDAI: Santa Fe 11/... KIA: Sorento 09/12 | D112: AK8037C (GRAZZIMETAL) BDJ2509 (PERFECT) | E112: C/ Bucha C/ Pivô
A113: SCA8001FR | B113: BANDEJA INFERIOR COMPLETA LD | C113: HYUNDAI: Santa Fe 11/... KIA: Sorento 09/12 | D113: AK8037C (GRAZZIMETAL) BDJ2510 (PERFECT) | E113: C/ Bucha C/ Pivô
A114: SCA8002FL | B114: BANDEJA INFERIOR COMPLETA LE | C114: KIA: Picanto 1.0 12V 11/17 | D114: AK8055C (GRAZZIMETAL) BDJ2507 (PERFECT) | E114: C/ Bucha C/ Pivô
A115: SCA8002FR | B115: BANDEJA INFERIOR COMPLETA LD | C115: KIA: Picanto 1.0 12V 11/17 | D115: AK8056C (GRAZZIMETAL) BDJ2508 (PERFECT) | E115: C/ Bucha C/ Pivô
A116: SCA8003FL | B116: BANDEJA SUPERIOR COMPLETA LE | C116: KIA: Bongo K2500 13/21 | D116: AK8063C (GRAZZIMETAL) BDJ2501 (PERFECT) | E116: C/ Bucha C/ Eixo C/ Pivô
A117: SCA8003FR | B117: BANDEJA SUPERIOR COMPLETA LD | C117: KIA: Bongo K2500 13/21 | D117: AK8062C (GRAZZIMETAL) BDJ2500 (PERFECT) | E117: C/ Bucha C/ Eixo C/ Pivô
A118: SCA8004FL | B118: BANDEJA INFERIOR COMPLETA LE | C118: KIA: Bongo K2500 13/21 | D118: AK8065C (GRAZZIMETAL) | E118: C/ Bucha C/ Pivô
A119: SCA8004FR | B119: BANDEJA INFERIOR COMPLETA LD | C119: KIA: Bongo K2500 13/21 | D119: AK8064C (GRAZZIMETAL) | E119: C/ Bucha C/ Pivô
A120: SCA8005FL | B120: BANDEJA INFERIOR COMPLETA LE | C120: HYUNDAI: iX35 10/... HYUNDAI: Tucson 09/14 KIA: Sportage 11/... | D120: BDJ2128 (PERFECT) HY9094C (GRAZZIMETAL) SB8171DP (SAMPEL) | E120: C/ Bucha C/ Pivô
A121: SCA8005FR | B121: BANDEJA INFERIOR COMPLETA LD | C121: HYUNDAI: iX35 10/... HYUNDAI: Tucson 09/14 KIA: Sportage 11/... | D121: BDJ2129 (PERFECT) HY9095C (GRAZZIMETAL) SB8171EP (SAMPEL) | E121: C/ Bucha C/ Pivô
... A123: SCA8006FR | B123: BANDEJA INFERIOR COMPLETA LD | C123: HYUNDAI: New Tucson 17/21 KIA: Sportage 16/21 | D123: BDJ2504 (PERFECT) | E123: C/ Bucha C/ Pivô
A124: SCA8007RLR | B124: BANDEJA TRASEIRA LE/LD | C124: KIA: Sportage 10/15 | D124: AK8087 (GRAZZIMETAL)
A125: SCA8008FL | B125: BANDEJA INFERIOR COMPLETA LE | C125: CHANA: Cargo 1.0 8V 06/… CHANA: Family 1.0 8V 06/… CHANA: Utility 1.0 8V 06/… EFFA MOTORS: K01 Pick Up Simples 1.0 8V 08/… EFFA MOTORS: K02 Pick Up Dupla 1.0 8V 08/… EFFA MOTORS: Start 1.0 8V 06/... HAFEI: Towner Jr Pick Up 1.0 8V 07/… HAFEI: Towner Jr Van 1.0 8V 07/… | D125: CH38001C (GRAZZIMETAL) | E125: C/ Bucha C/ Pivô
A126: SCA8008FR | B126: BANDEJA INFERIOR COMPLETA LD | C126: CHANA: Cargo 1.0 8V 06/… CHANA: Family 1.0 8V 06/… CHANA: Utility 1.0 8V 06/… EFFA MOTORS: K01 Pick Up Simples 1.0 8V 08/… EFFA MOTORS: K02 Pick Up Dupla 1.0 8V 08/… EFFA MOTORS: Start 1.0 8V 06/... HAFEI: Towner Jr Pick Up 1.0 8V 07/… HAFEI: Towner Jr Van 1.0 8V 07/… | D126: CH38000C (GRAZZIMETAL) | E126: C/ Bucha C/ Pivô
A127: SCA8009FL | B127: BANDEJA INFERIOR COMPLETA LE | C127: TOYOTA: Corolla 1.8 16V 03/08 TOYOTA: Filder 1.8 16V 03/08 | D127: BDJ2019 (PERFECT) | E127: C/ Bucha C/ Pivô
A128: SCA8009FR | B128: BANDEJA INFERIOR COMPLETA LD | C128: TOYOTA: Corolla 1.8 16V 03/08 TOYOTA: Filder 1.8 16V 03/08 | D128: BDJ2018 (PERFECT) | E128: C/ Bucha C/ Pivô
A129: SCA8010FL | B129: BANDEJA INFERIOR COMPLETA LE | C129: CITROEN: Aircross 10/20 CITROEN: C3 03/20 CITROEN: C3 Picasso 11/15 CITROEN: C4 Cactus 14/... CITROEN: DS3 12/16 PEUGEOT: 2008 15/21 PEUGEOT: 208 13/20 | D129: BDJ0207 (PERFECT) CT6003MAC (GRAZZIMETAL) SB8063EP (SAMPEL) | E129: C/ Bucha C/ Pivô 55mm
A130: SCA8010FR | B130: BANDEJA INFERIOR COMPLETA LD | C130: CITROEN: Aircross 10/20 CITROEN: C3 03/20 CITROEN: C3 Picasso 11/15 CITROEN: C4 Cactus 14/... CITROEN: DS3 12/16 PEUGEOT: 2008 15/21 PEUGEOT: 208 13/20 | D130: BDJ0208 (PERFECT) CT6002MAC (GRAZZIMETAL) SB8063DP (SAMPEL) | E130: C/ Bucha C/ Pivô 55mm
A131: SCA8011FL | B131: BANDEJA INFERIOR LE | C131: CITROEN: Aircross 10/20 CITROEN: C3 03/20 CITROEN: C3 Picasso 11/15 CITROEN: DS3 12/16 PEUGEOT: 2008 15/20 PEUGEOT: 208 13/20 | D131: BDJ0207SP (PERFECT) BJC55001M (COFAP) CT6003AB (GRAZZIMETAL) NKBJ5004E (NAKATA) | E131: C/ Bucha
A132: SCA8011FR | B132: BANDEJA INFERIOR LD | C132: CITROEN: Aircross 10/20 CITROEN: C3 03/20 CITROEN: C3 Picasso 11/15 CITROEN: DS3 12/16 PEUGEOT: 2008 15/20 PEUGEOT: 208 13/20 | D132: BDJ0208SP (PERFECT) BJC55000M (COFAP) NBJ5004D (NAKATA) | E132: C/ Bucha
A133: SCA8012FL | B133: BANDEJA INFERIOR COMPLETA LE | C133: CITROEN: C3 12/18 CITROEN: C3 Picasso 12/... PEUGEOT: 2008 13/18 PEUGEOT: 208 13/16 | D133: BDJ0903 (PERFECT) CT6002MC (GRAZZIMETAL) | E133: C/ Bucha C/ Pivô 50mm
A134: SCA8012FR | B134: BANDEJA INFERIOR COMPLETA LD | C134: CITROEN: C3 12/18 CITROEN: C3 Picasso 12/... PEUGEOT: 2008 13/18 PEUGEOT: 208 13/16 | D134: BDJ0904 (PERFECT) CT6003MC (GRAZZIMETAL) | E134: C/ Bucha C/ Pivô 50mm
A135: SCA8013FL | B135: BANDEJA INFERIOR LE | C135: CITROEN: C4 Lounge 13/18 CITROEN: DS3 12/14 CITROEN: DS4 13/14 CITROEN: DS5 13/14 PEUGEOT: 408 12/... | D135: CT6223 (GRAZZIMETAL) | E135: C/ Bucha
A136: SCA8013FR | B136: BANDEJA INFERIOR LD | C136: CITROEN: C4 Lounge 13/18 CITROEN: DS3 12/14 CITROEN: DS4 13/14 CITROEN: DS5 13/14 PEUGEOT: 408 12/... | D136: CT6222 (GRAZZIMETAL) | E136: C/ Bucha
... A146: SCA8019FLR | B146: BANDEJA INFERIOR LE/LD | C146: VOLKSWAGEN: Gol 93/08 VOLKSWAGEN: Parati 93/08 VOLKSWAGEN: Saveiro 93/08 VOLKSWAGEN: Voyage 93/95 | D146: BDJ1027 (PERFECT) BJC01027M (COFAP) NBJ1003 (NAKATA) VW1005B (GRAZZIMETAL) | E146: C/ Bucha
A147: SCA8020FL | B147: SUPORTE DIANTEIRO LE | C147: GM: Celta 00/16 GM: Classic 04/15 GM: Corsa Exceto Novo Corsa 98/03 GM: Prisma 07/12 GM: Tigra 98/01 | D147: BRA2153 (PERFECT) GM2153A (GRAZZIMETAL) NBJ3010E (NAKATA) STC04127M (COFAP)
A148: SCA8020FR | B148: SUPORTE DIANTEIRO LD | C148: GM: Celta 00/16 GM: Classic 04/15 GM: Corsa Exceto Novo Corsa 98/03 GM: Prisma 07/12 GM: Tigra 98/01 | D148: BRA2152 (PERFECT) GM2152A (GRAZZIMETAL) NBJ3010D (NAKATA) STC04126M (COFAP)
A149: SCA8021FL | B149: BANDEJA INFERIOR COMPLETA LE | C149: PEUGEOT: 206 00/10 PEUGEOT: 206 SW / Escapade 05/08 PEUGEOT: 207 09/15 PEUGEOT: Hoggar 10/14 | D149: 540008V (VIEMAR) BJC17014M (COFAP) BRA2060 (PERFECT) NBJ5002DP (NAKATA) PG5002C (GRAZZIMETAL) | E149: C/ Bucha C/ Pivô
A150: SCA8021FR | B150: BANDEJA INFERIOR COMPLETA LD | C150: PEUGEOT: 206 00/10 PEUGEOT: 206 SW / Escapade 05/08 PEUGEOT: 207 09/15 PEUGEOT: Hoggar 10/14 | D150: 540009V (VIEMAR) BJC17013M (COFAP) BRA2061 (PERFECT) NBJ5002EP (NAKATA) PG5003C (GRAZZIMETAL) | E150: C/ Bucha C/ Pivô
A151: SCA8022FL | B151: BANDEJA INFERIOR COMPLETA LE | C151: RENAULT: Logan 07/13 RENAULT: Sandero 07/13 | D151: 5442365 (MONROE) BDJ5225N (PERFECT) NBJ6010EP (NAKATA) RN4053CGG (GRAZZIMETAL) SB8148EP (SAMPEL) | E151: C/ Bucha C/ Pivô
A152: SCA8022FR | B152: BANDEJA INFERIOR COMPLETA LD | C152: RENAULT: Logan 07/13 RENAULT: Sandero 07/13 | D152: 5442364 (MONROE) BDJ5226 (PERFECT) NBJ6010DP (NAKATA) RN4054CGG (GRAZZIMETAL) SB8148DP (SAMPEL) | E152: C/ Bucha C/ Pivô
A153: SCA8023RLR | B153: BANDEJA TRASEIRA LE/LD | C153: FIAT: 147 83/88 FIAT: Elba 86/88 FIAT: Fiorino 83/98 FIAT: Spazio 83/86 FIAT: Uno 84/06 | D153: BDJ3017 (PERFECT) BJC03017M (COFAP) FI124C (GRAZZIMETAL) NBJ4003 (NAKATA) | E153: C/ Bucha C/ Eixo
A154: SCA8024FL | B154: BANDEJA INFERIOR LE | C154: VOLKSWAGEN: Crossfox 14/... VOLKSWAGEN: Fox 14/... VOLKSWAGEN: Gol G5 08/... VOLKSWAGEN: Gol G6 12/... VOLKSWAGEN: Saveiro G5 08/... VOLKSWAGEN: Saveiro G6 12/... VOLKSWAGEN: Spacefox 14/... VOLKSWAGEN: Voyage G5 08/... VOLKSWAGEN: Voyage G6 12/... | D154: BDJ1029 (PERFECT) BJC01045M (COFAP) NBJ1011E (NAKATA) VW1205B (GRAZZIMETAL) | E154: C/ Bucha
A155: SCA8024FR | B155: BANDEJA INFERIOR LD | C155: VOLKSWAGEN: Crossfox 14/... VOLKSWAGEN: Fox 14/... VOLKSWAGEN: Gol G5 08/... VOLKSWAGEN: Gol G6 12/... VOLKSWAGEN: Saveiro G5 08/... VOLKSWAGEN: Saveiro G6 12/... VOLKSWAGEN: Spacefox 14/... VOLKSWAGEN: Voyage G5 08/... VOLKSWAGEN: Voyage G6 12/... | D155: BDJ1028 (PERFECT) BJC01044M (COFAP) NBJ1011D (NAKATA) VW1204B (GRAZZIMETAL) | E155: C/ Bucha
A156: SCA8025FL | B156: BANDEJA INFERIOR COMPLETA LE | C156: FIAT: Doblo 01/06 FIAT: Palio 01/16 FIAT: Palio Weekend 01/16 FIAT: Siena 01/16 FIAT: Strada 01/16 | D156: BDJ9001 (PERFECT) FI195M (GRAZZIMETAL) | E156: C/ Bucha C/ Mancal C/ Pivô
A157: SCA8025FR | B157: BANDEJA INFERIOR COMPLETA LD | C157: FIAT: Doblo 01/06 FIAT: Palio 01/16 FIAT: Palio Weekend 01/16 FIAT: Siena 01/16 FIAT: Strada 01/16 | D157: BDJ9000 (PERFECT) FI194M (GRAZZIMETAL) | E157: C/ Bucha C/ Mancal C/ Pivô
A158: SCA8026FL | B158: BANDEJA INFERIOR COMPLETA LE | C158: NISSAN: March 11/20 NISSAN: Versa 11/21 | D158: BDJ2045 (PERFECT) BJC29017M (COFAP) NBJ6003EP (NAKATA) SB8291EP (SAMPEL) | E158: C/ Bucha C/ Pivô
A159: SCA8026FR | B159: BANDEJA INFERIOR COMPLETA LD | C159: NISSAN: March 11/20 NISSAN: Versa 11/21 | D159: BDJ2046 (PERFECT) BJC29016M (COFAP) NBJ6003DP (NAKATA) SB8291DP (SAMPEL) | E159: C/ Bucha C/ Pivô
A160: SCA8027FL | B160: BANDEJA INFERIOR COMPLETA LE | C160: RENAULT: Logan 14/19 RENAULT: Sandero 14/19 | D160: BDJ0639 (PERFECT) NBJ6011EP (NAKATA) RN4091C (GRAZZIMETAL) | E160: C/ Bucha C/ Pivô
...
