Workbook
Name Slicer_Classe: #N/A
Name Slicer_Familia: #N/A
Name Slicer_Montadora: #N/A

Sheet Planilha1
A1: CURVA ABC POR CÓDIGO
A2: Itens consolidados por código, ordenados pelo volume total do histórico.
A6: Código | B6: Produto | C6: Representada | D6: Total | E6: % Total | F6: % Acumulado | G6: Classe | H6: Familia | I6: Cross | J6: Montadora | K6: QTD COMPRADA - ESTHER DIST. | L6: COMPRA / NÃO COMPRA
A7: SSC3020 | B7: CILINDRO AUXILIAR DE EMBREAGEM HYUNDAI | C7: =VLOOKUP(A7,[2]Planilha1!$A:$B,2,0) -> #N/A | D7: =SUMIF([1]Relatório!$A$2:$A$2653,A7,[1]Relatório!$AK$2:$AK$2653) -> 15657 | E7: =D7/SUM($D$7:$D$1708) -> 0.02676607 | F7: =SUM($E$7:E7) -> 0.02676607 | G7: =IF(F7<=70%,"A",IF(F7<=90%,"B","C")) -> A | H7: CILINDRO AUXILIAR DE EMBREAGEM | J7: HYUNDAI | K7: =IFERROR(VLOOKUP(A7,'Pedido ESTHER'!$B:$C,2,0),"") | L7: =IF(N(K7)>0,"COMPRA","NÃO COMPRA") -> NÃO COMPRA
A8: SCC2064 | B8: CILINDRO MESTRE DE EMBREAGEM HYUNDAI | C8: =VLOOKUP(A8,[2]Planilha1!$A:$B,2,0) -> #N/A | D8: =SUMIF([1]Relatório!$A$2:$A$2653,A8,[1]Relatório!$AK$2:$AK$2653) -> 14311 | E8: =D8/SUM($D$7:$D$1708) -> 0.024465046 | F8: =SUM($E$7:E8) -> 0.051231116 | G8: =IF(F8<=70%,"A",IF(F8<=90%,"B","C")) -> A | H8: CILINDRO MESTRE DE EMBREAGEM | J8: HYUNDAI | K8: =IFERROR(VLOOKUP(A8,'Pedido ESTHER'!$B:$C,2,0),"") | L8: =IF(N(K8)>0,"COMPRA","NÃO COMPRA") -> NÃO COMPRA
A9: SBC1000 | B9: CILINDRO MESTRE DE FREIO VW | C9: =VLOOKUP(A9,[2]Planilha1!$A:$B,2,0) -> #N/A | D9: =SUMIF([1]Relatório!$A$2:$A$2653,A9,[1]Relatório!$AK$2:$AK$2653) -> 6588 | E9: =D9/SUM($D$7:$D$1708) -> 0.011262366 | F9: =SUM($E$7:E9) -> 0.062493482 | G9: =IF(F9<=70%,"A",IF(F9<=90%,"B","C")) -> A | H9: CILINDRO MESTRE DE FREIO | I9: 5109 (ATE) | C2003 (CONTROIL) | RCCM23314 (TRW) | J9: VOLKSWAGEN | K9: =IFERROR(VLOOKUP(A9,'Pedido ESTHER'!$B:$C,2,0),"") | L9: =IF(N(K9)>0,"COMPRA","NÃO COMPRA") -> NÃO COMPRA
A10: SBC1090A | B10: CILINDRO MESTRE FREIO VW | C10: =VLOOKUP(A10,[2]Planilha1!$A:$B,2,0) -> #N/A | D10: =SUMIF([1]Relatório!$A$2:$A$2653,A10,[1]Relatório!$AK$2:$AK$2653) -> 6193 | E10: =D10/SUM($D$7:$D$1708) -> 0.010587103 | F10: =SUM($E$7:E10) -> 0.073080585 | G10: =IF(F10<=70%,"A",IF(F10<=90%,"B","C")) -> A | H10: CILINDRO MESTRE DE FREIO | J10: VOLKSWAGEN | K10: =IFERROR(VLOOKUP(A10,'Pedido ESTHER'!$B:$C,2,0),"") | L10: =IF(N(K10)>0,"COMPRA","NÃO COMPRA") -> NÃO COMPRA
A11: SBC1001 | B11: CILINDRO MESTRE DE FREIO RENAULT | C11: =VLOOKUP(A11,[2]Planilha1!$A:$B,2,0) -> #N/A | D11: =SUMIF([1]Relatório!$A$2:$A$2653,A11,[1]Relatório!$AK$2:$AK$2653) -> 5930 | E11: =D11/SUM($D$7:$D$1708) -> 0.010137497 | F11: =SUM($E$7:E11) -> 0.083218083 | G11: =IF(F11<=70%,"A",IF(F11<=90%,"B","C")) -> A | H11: CILINDRO MESTRE DE FREIO | I11: 0986AB8673 (BOSCH) | 7701205740 (OEM) | 7701205815 (OEM) | C2096 (CONTROIL) | J11: RENAULT | K11: =IFERROR(VLOOKUP(A11,'Pedido ESTHER'!$B:$C,2,0),"") | L11: =IF(N(K11)>0,"COMPRA","NÃO COMPRA") -> NÃO COMPRA
A12: SBC1137 | B12: CILIDNRO MESTRE DE FREIO FIAT | C12: =VLOOKUP(A12,[2]Planilha1!$A:$B,2,0) -> #N/A | D12: =SUMIF([1]Relatório!$A$2:$A$2653,A12,[1]Relatório!$AK$2:$AK$2653) -> 5587 | E12: =D12/SUM($D$7:$D$1708) -> 0.0095511294 | F12: =SUM($E$7:E12) -> 0.092769212 | G12: =IF(F12<=70%,"A",IF(F12<=90%,"B","C")) -> A | H12: CILINDRO MESTRE DE FREIO | I12: 0204798525 (BOSCH) | J12: FIAT | K12: =IFERROR(VLOOKUP(A12,'Pedido ESTHER'!$B:$C,2,0),"") | L12: =IF(N(K12)>0,"COMPRA","NÃO COMPRA") -> NÃO COMPRA
A13: SCC2017 | B13: CILINDRO MESTRE DE EMBREAGEM HONDA | C13: =VLOOKUP(A13,[2]Planilha1!$A:$B,2,0) -> #N/A | D13: =SUMIF([1]Relatório!$A$2:$A$2653,A13,[1]Relatório!$AK$2:$AK$2653) -> 5428 | E13: =D13/SUM($D$7:$D$1708) -> 0.0092793145 | F13: =SUM($E$7:E13) -> 0.10204853 | G13: =IF(F13<=70%,"A",IF(F13<=90%,"B","C")) -> A | H13: CILINDRO MESTRE DE EMBREAGEM | J13: HONDA | K13: =IFERROR(VLOOKUP(A13,'Pedido ESTHER'!$B:$C,2,0),"") -> 1 | L13: =IF(N(K13)>0,"COMPRA","NÃO COMPRA") -> COMPRA
A14: SBC1068 | B14: CILINDRO MESTRE DE FREIO FORD | C14: =VLOOKUP(A14,[2]Planilha1!$A:$B,2,0) -> #N/A | D14: =SUMIF([1]Relatório!$A$2:$A$2653,A14,[1]Relatório!$AK$2:$AK$2653) -> 5372 | E14: =D14/SUM($D$7:$D$1708) -> 0.009183581 | F14: =SUM($E$7:E14) -> 0.11123211 | G14: =IF(F14<=70%,"A",IF(F14<=90%,"B","C")) -> A | H14: CILINDRO MESTRE DE FREIO | I14: 2S652140CA (OEM) | 6168 (ATE) | C2155 (CONTROIL) | J14: FORD | K14: =IFERROR(VLOOKUP(A14,'Pedido ESTHER'!$B:$C,2,0),"") | L14: =IF(N(K14)>0,"COMPRA","NÃO COMPRA") -> NÃO COMPRA
A15: SBC1123 | B15: CILINDRO MESTRE DE FREIO GM | C15: =VLOOKUP(A15,[2]Planilha1!$A:$B,2,0) -> #N/A | D15: =SUMIF([1]Relatório!$A$2:$A$2653,A15,[1]Relatório!$AK$2:$AK$2653) -> 4985 | E15: =D15/SUM($D$7:$D$1708) -> 0.0085219939 | F15: =SUM($E$7:E15) -> 0.1197541 | G15: =IF(F15<=70%,"A",IF(F15<=90%,"B","C")) -> A | H15: CILINDRO MESTRE DE FREIO | I15: 6989 (ATE) | 94756709 (OEM) | C2220 (CONTROIL) | J15: GM | K15: =IFERROR(VLOOKUP(A15,'Pedido ESTHER'!$B:$C,2,0),"") | L15: =IF(N(K15)>0,"COMPRA","NÃO COMPRA") -> NÃO COMPRA
A16: SBC1087 | B16: CILINDRO MESTRE DE FREIO RENAULT | C16: =VLOOKUP(A16,[2]Planilha1!$A:$B,2,0) -> #N/A | D16: =SUMIF([1]Relatório!$A$2:$A$2653,A16,[1]Relatório!$AK$2:$AK$2653) -> 4922 | E16: =D16/SUM($D$7:$D$1708) -> 0.0084142937 | F16: =SUM($E$7:E16) -> 0.1281684 | G16: =IF(F16<=70%,"A",IF(F16<=90%,"B","C")) -> A | H16: CILINDRO MESTRE DE FREIO | I16: 460118760R (OEM) | 6001551613 (OEM) | 6967 (ATE) | C-2178 (CONTROIL) | J16: RENAULT | K16: =IFERROR(VLOOKUP(A16,'Pedido ESTHER'!$B:$C,2,0),"") | L16: =IF(N(K16)>0,"COMPRA","NÃO COMPRA") -> NÃO COMPRA
A17: SCC2060 | B17: CILINDRO MESTRE DE EMBREAGEM RENAULT | C17: =VLOOKUP(A17,[2]Planilha1!$A:$B,2,0) -> #N/A | D17: =SUMIF([1]Relatório!$A$2:$A$2653,A17,[1]Relatório!$AK$2:$AK$2653) -> 4719 | E17: =D17/SUM($D$7:$D$1708) -> 0.0080672596 | F17: =SUM($E$7:E17) -> 0.13623565 | G17: =IF(F17<=70%,"A",IF(F17<=90%,"B","C")) -> A | H17: CILINDRO MESTRE DE EMBREAGEM | J17: NISSAN / RENAULT | K17: =IFERROR(VLOOKUP(A17,'Pedido ESTHER'!$B:$C,2,0),"") | L17: =IF(N(K17)>0,"COMPRA","NÃO COMPRA") -> NÃO COMPRA
A18: SBC1014 | B18: CILINDRO MESTRE DE FREIO FIAT | C18: =VLOOKUP(A18,[2]Planilha1!$A:$B,2,0) -> #N/A | D18: =SUMIF([1]Relatório!$A$2:$A$2653,A18,[1]Relatório!$AK$2:$AK$2653) -> 4390 | E18: =D18/SUM($D$7:$D$1708) -> 0.0075048251 | F18: =SUM($E$7:E18) -> 0.14374048 | G18: =IF(F18<=70%,"A",IF(F18<=90%,"B","C")) -> A | H18: CILINDRO MESTRE DE FREIO | I18: 5785 (ATE) | 7079433 (OEM) | C2075 (CONTROIL) | RCCD01530 (TRW) | J18: FIAT | K18: =IFERROR(VLOOKUP(A18,'Pedido ESTHER'!$B:$C,2,0),"") | L18: =IF(N(K18)>0,"COMPRA","NÃO COMPRA") -> NÃO COMPRA
A19: SBC1007 | B19: CILINDRO MESTRE DE FREIO GM | C19: =VLOOKUP(A19,[2]Planilha1!$A:$B,2,0) -> #N/A | D19: =SUMIF([1]Relatório!$A$2:$A$2653,A19,[1]Relatório!$AK$2:$AK$2653) -> 4235 | E19: =D19/SUM($D$7:$D$1708) -> 0.0072398484 | F19: =SUM($E$7:E19) -> 0.15098033 | G19: =IF(F19<=70%,"A",IF(F19<=90%,"B","C")) -> A | H19: CILINDRO MESTRE DE FREIO | I19: 0986AB8644 (BOSCH) | 5991 (ATE) | 93289332 (OEM) | C2082 (CONTROIL) | RCCD01620 (TRW) | J19: GM | K19: =IFERROR(VLOOKUP(A19,'Pedido ESTHER'!$B:$C,2,0),"") | L19: =IF(N(K19)>0,"COMPRA","NÃO COMPRA") -> NÃO COMPRA
A20: SBC1011 | B20: CILINDRO MESTRE DE FREIO PEUGEOT | C20: =VLOOKUP(A20,[2]Planilha1!$A:$B,2,0) -> #N/A | D20: =SUMIF([1]Relatório!$A$2:$A$2653,A20,[1]Relatório!$AK$2:$AK$2653) -> 4094 | E20: =D20/SUM($D$7:$D$1708) -> 0.006998805 | F20: =SUM($E$7:E20) -> 0.15797913 | G20: =IF(F20<=70%,"A",IF(F20<=90%,"B","C")) -> A | H20: CILINDRO MESTRE DE FREIO | I20: 0986AB8648 (BOSCH) | 4601F8 (OEM) | 6071 (ATE) | C2130 (CONTROIL) | PMF494 (TRW) | J20: PEUGEOT | K20: =IFERROR(VLOOKUP(A20,'Pedido ESTHER'!$B:$C,2,0),"") -> 4 | L20: =IF(N(K20)>0,"COMPRA","NÃO COMPRA") -> COMPRA
A21: SBC1085 | B21: CILINDRO MESTRE DE FREIO FIAT | C21: =VLOOKUP(A21,[2]Planilha1!$A:$B,2,0) -> #N/A | D21: =SUMIF([1]Relatório!$A$2:$A$2653,A21,[1]Relatório!$AK$2:$AK$2653) -> 4016 | E21: =D21/SUM($D$7:$D$1708) -> 0.0068654619 | F21: =SUM($E$7:E21) -> 0.1648446 | G21: =IF(F21<=70%,"A",IF(F21<=90%,"B","C")) -> A | H21: CILINDRO MESTRE DE FREIO | I21: 7087530 (OEM) | 7402 (ATE) | C2225 (CONTROIL) | J21: FIAT | K21: =IFERROR(VLOOKUP(A21,'Pedido ESTHER'!$B:$C,2,0),"") | L21: =IF(N(K21)>0,"COMPRA","NÃO COMPRA") -> NÃO COMPRA
A22: SBC1135 | B22: CILINDRO MESTRE DE FREIO CITROEN/PEUGEOT | C22: =VLOOKUP(A22,[2]Planilha1!$A:$B,2,0) -> #N/A | D22: =SUMIF([1]Relatório!$A$2:$A$2653,A22,[1]Relatório!$AK$2:$AK$2653) -> 3970 | E22: =D22/SUM($D$7:$D$1708) -> 0.0067868236 | F22: =SUM($E$7:E22) -> 0.17163142 | G22: =IF(F22<=70%,"A",IF(F22<=90%,"B","C")) -> A | H22: CILINDRO MESTRE DE FREIO | I22: 1613317680 (OEM) | C2260 (CONTROIL) | J22: CITROEN / PEUGEOT | K22: =IFERROR(VLOOKUP(A22,'Pedido ESTHER'!$B:$C,2,0),"") | L22: =IF(N(K22)>0,"COMPRA","NÃO COMPRA") -> NÃO COMPRA
A23: SBC1021 | B23: CILINDRO MESTRE DE FREIO FIAT | C23: =VLOOKUP(A23,[2]Planilha1!$A:$B,2,0) -> #N/A | D23: =SUMIF([1]Relatório!$A$2:$A$2653,A23,[1]Relatório!$AK$2:$AK$2653) -> 3303 | E23: =D23/SUM($D$7:$D$1708) -> 0.0056465689 | F23: =SUM($E$7:E23) -> 0.17727799 | G23: =IF(F23<=70%,"A",IF(F23<=90%,"B","C")) -> A | H23: CILINDRO MESTRE DE FREIO | I23: 5766 (ATE) | 7074619 (OEM) | C2033 (CONTROIL) | RCCD00890 (TRW) | J23: FIAT | K23: =IFERROR(VLOOKUP(A23,'Pedido ESTHER'!$B:$C,2,0),"") | L23: =IF(N(K23)>0,"COMPRA","NÃO COMPRA") -> NÃO COMPRA
A24: SBC1134 | B24: CILINDRO MESTRE DE FREIO RENAULT | C24: =VLOOKUP(A24,[2]Planilha1!$A:$B,2,0) -> #N/A | D24: =SUMIF([1]Relatório!$A$2:$A$2653,A24,[1]Relatório!$AK$2:$AK$2653) -> 3257 | E24: =D24/SUM($D$7:$D$1708) -> 0.0055679306 | F24: =SUM($E$7:E24) -> 0.18284592 | G24: =IF(F24<=70%,"A",IF(F24<=90%,"B","C")) -> A | H24: CILINDRO MESTRE DE FREIO | I24: 0204798374 (BOSCH) | 460119216R (OEM) | C2263 (CONTROIL) | J24: RENAULT | K24: =IFERROR(VLOOKUP(A24,'Pedido ESTHER'!$B:$C,2,0),"") | L24: =IF(N(K24)>0,"COMPRA","NÃO COMPRA") -> NÃO COMPRA
A25: SBC1090 | B25: CILINDRO MESTRE DE FREIO VW | C25: =VLOOKUP(A25,[2]Planilha1!$A:$B,2,0) -> #N/A | D25: =SUMIF([1]Relatório!$A$2:$A$2653,A25,[1]Relatório!$AK$2:$AK$2653) -> 3160 | E25: =D25/SUM($D$7:$D$1708) -> 0.0054021065 | F25: =SUM($E$7:E25) -> 0.18824803 | G25: =IF(F25<=70%,"A",IF(F25<=90%,"B","C")) -> A | H25: CILINDRO MESTRE DE FREIO | J25: VOLKSWAGEN | K25: =IFERROR(VLOOKUP(A25,'Pedido ESTHER'!$B:$C,2,0),"") | L25: =IF(N(K25)>0,"COMPRA","NÃO COMPRA") -> NÃO COMPRA
A26: SBC1081 | B26: CILINDRO MESTRE DE FREIO VW | C26: =VLOOKUP(A26,[2]Planilha1!$A:$B,2,0) -> #N/A | D26: =SUMIF([1]Relatório!$A$2:$A$2653,A26,[1]Relatório!$AK$2:$AK$2653) -> 3118 | E26: =D26/SUM($D$7:$D$1708) -> 0.0053303063 | F26: =SUM($E$7:E26) -> 0.19357833 | G26: =IF(F26<=70%,"A",IF(F26<=90%,"B","C")) -> A | H26: CILINDRO MESTRE DE FREIO | I26: 0986AB8572 (BOSCH) | 5Z0611019N (OEM) | C2160 (CONTROIL) | J26: VOLKSWAGEN | K26: =IFERROR(VLOOKUP(A26,'Pedido ESTHER'!$B:$C,2,0),"") | L26: =IF(N(K26)>0,"COMPRA","NÃO COMPRA") -> NÃO COMPRA
A27: SWC5006 | B27: CILINDRO DE RODA LE/LD RENAULT/VW | C27: =VLOOKUP(A27,[2]Planilha1!$A:$B,2,0) -> #N/A | D27: =SUMIF([1]Relatório!$A$2:$A$2653,A27,[1]Relatório!$AK$2:$AK$2653) -> 3108 | E27: =D27/SUM($D$7:$D$1708) -> 0.0053132111 | F27: =SUM($E$7:E27) -> 0.19889154 | G27: =IF(F27<=70%,"A",IF(F27<=90%,"B","C")) -> A | H27: CILINDRO DE RODA | I27: 0986AB8653 (BOSCH) | 6001551410 (OEM) | C3537 (CONTROIL) | CCR92250 (FORTEC) | RCCR03580 (TRW) | J27: RENAULT / VOLKSWAGEN | K27: =IFERROR(VLOOKUP(A27,'Pedido ESTHER'!$B:$C,2,0),"") | L27: =IF(N(K27)>0,"COMPRA","NÃO COMPRA") -> NÃO COMPRA
A28: SWC5015 | B28: CILINDRO DE RODA LE/LD GM | C28: =VLOOKUP(A28,[2]Planilha1!$A:$B,2,0) -> #N/A | D28: =SUMIF([1]Relatório!$A$2:$A$2653,A28,[1]Relatório!$AK$2:$AK$2653) -> 3004 | E28: =D28/SUM($D$7:$D$1708) -> 0.0051354202 | F28: =SUM($E$7:E28) -> 0.20402696 | G28: =IF(F28<=70%,"A",IF(F28<=90%,"B","C")) -> A | H28: CILINDRO DE RODA | I28: 0986AB8667 (BOSCH) | 7630 (ATE) | 93313891 (OEM) | C3521 (CONTROIL) | CCR92241 (FORTEC) | CR2202 (BOSCH) | J28: GM | K28: =IFERROR(VLOOKUP(A28,'Pedido ESTHER'!$B:$C,2,0),"") | L28: =IF(N(K28)>0,"COMPRA","NÃO COMPRA") -> NÃO COMPRA
A29: SVP6031 | B29: BOMBA DE VÁCUO FIAT/JEEP | C29: =VLOOKUP(A29,[2]Planilha1!$A:$B,2,0) -> #N/A | D29: =SUMIF([1]Relatório!$A$2:$A$2653,A29,[1]Relatório!$AK$2:$AK$2653) -> 2917 | E29: =D29/SUM($D$7:$D$1708) -> 0.0049866913 | F29: =SUM($E$7:E29) -> 0.20901365 | G29: =IF(F29<=70%,"A",IF(F29<=90%,"B","C")) -> A | H29: BOMBA DE VÁCUO | J29: FIAT / JEEP | K29: =IFERROR(VLOOKUP(A29,'Pedido ESTHER'!$B:$C,2,0),"") | L29: =IF(N(K29)>0,"COMPRA","NÃO COMPRA") -> NÃO COMPRA
A30: SCC2029 | B30: CILINDRO MESTRE DE EMBREAGEM RENAULT | C30: =VLOOKUP(A30,[2]Planilha1!$A:$B,2,0) -> #N/A | D30: =SUMIF([1]Relatório!$A$2:$A$2653,A30,[1]Relatório!$AK$2:$AK$2653) -> 2843 | E30: =D30/SUM($D$7:$D$1708) -> 0.0048601863 | F30: =SUM($E$7:E30) -> 0.21387384 | G30: =IF(F30<=70%,"A",IF(F30<=90%,"B","C")) -> A | H30: CILINDRO MESTRE DE EMBREAGEM | I30: 306107623R (RENAULT) | J30: RENAULT | K30: =IFERROR(VLOOKUP(A30,'Pedido ESTHER'!$B:$C,2,0),"") -> 4 | L30: =IF(N(K30)>0,"COMPRA","NÃO COMPRA") -> COMPRA
A31: SBC1097 | B31: CILINDRO MESTRE DE FREIO RENAULT | C31: =VLOOKUP(A31,[2]Planilha1!$A:$B,2,0) -> #N/A | D31: =SUMIF([1]Relatório!$A$2:$A$2653,A31,[1]Relatório!$AK$2:$AK$2653) -> 2757 | E31: =D31/SUM($D$7:$D$1708) -> 0.004713167 | F31: =SUM($E$7:E31) -> 0.21858701 | G31: =IF(F31<=70%,"A",IF(F31<=90%,"B","C")) -> A | H31: CILINDRO MESTRE DE FREIO | I31: 460114036R (OEM) | 6371 (ATE) | 6966 (ATE) | C2204 (CONTROIL) | J31: RENAULT | K31: =IFERROR(VLOOKUP(A31,'Pedido ESTHER'!$B:$C,2,0),"") | L31: =IF(N(K31)>0,"COMPRA","NÃO COMPRA") -> NÃO COMPRA
A32: SBC1027 | B32: CILINDRO MESTRE DE FREIO FORD | C32: =VLOOKUP(A32,[2]Planilha1!$A:$B,2,0) -> #N/A | D32: =SUMIF([1]Relatório!$A$2:$A$2653,A32,[1]Relatório!$AK$2:$AK$2653) -> 2683 | E32: =D32/SUM($D$7:$D$1708) -> 0.0045866619 | F32: =SUM($E$7:E32) -> 0.22317367 | G32: =IF(F32<=70%,"A",IF(F32<=90%,"B","C")) -> A | H32: CILINDRO MESTRE DE FREIO | I32: C2061 (CONTROIL) | RCCD00910 (TRW) | J32: FORD | K32: =IFERROR(VLOOKUP(A32,'Pedido ESTHER'!$B:$C,2,0),"") | L32: =IF(N(K32)>0,"COMPRA","NÃO COMPRA") -> NÃO COMPRA
A33: SWC5032 | B33: CILINDRO DE RODA LE/LD FIAT | C33: =VLOOKUP(A33,[2]Planilha1!$A:$B,2,0) -> #N/A | D33: =SUMIF([1]Relatório!$A$2:$A$2653,A33,[1]Relatório!$AK$2:$AK$2653) -> 2549 | E33: =D33/SUM($D$7:$D$1708) -> 0.0043575853 | F33: =SUM($E$7:E33) -> 0.22753125 | G33: =IF(F33<=70%,"A",IF(F33<=90%,"B","C")) -> A | H33: CILINDRO DE RODA | I33: 0986AB8658 (BOSCH) | 5684 (ATE) | 71737949 (OEM) | 71737950 (OEM) | 7729634 (OEM) | 7757604 (OEM) | C3411 (CONTROIL) | CCR9230 (FORTEC) | CR1687 (BOSCH) | RCCR02120 (TRW) | J33: FIAT | K33: =IFERROR(VLOOKUP(A33,'Pedido ESTHER'!$B:$C,2,0),"") | L33: =IF(N(K33)>0,"COMPRA","NÃO COMPRA") -> NÃO COMPRA
A34: SCC2073 | B34: CILINDRO MESTRE DE EMBREAGEM RENAULT | C34: =VLOOKUP(A34,[2]Planilha1!$A:$B,2,0) -> #N/A | D34: =SUMIF([1]Relatório!$A$2:$A$2653,A34,[1]Relatório!$AK$2:$AK$2653) -> 2503 | E34: =D34/SUM($D$7:$D$1708) -> 0.004278947 | F34: =SUM($E$7:E34) -> 0.2318102 | G34: =IF(F34<=70%,"A",IF(F34<=90%,"B","C")) -> A | H34: CILINDRO MESTRE DE EMBREAGEM | J34: RENAULT | K34: =IFERROR(VLOOKUP(A34,'Pedido ESTHER'!$B:$C,2,0),"") | L34: =IF(N(K34)>0,"COMPRA","NÃO COMPRA") -> NÃO COMPRA
A35: SBC1005 | B35: CILINDRO MESTRE DE FREIO VW | C35: =VLOOKUP(A35,[2]Planilha1!$A:$B,2,0) -> #N/A | D35: =SUMIF([1]Relatório!$A$2:$A$2653,A35,[1]Relatório!$AK$2:$AK$2653) -> 2390 | E35: =D35/SUM($D$7:$D$1708) -> 0.0040857704 | F35: =SUM($E$7:E35) -> 0.23589597 | G35: =IF(F35<=70%,"A",IF(F35<=90%,"B","C")) -> A | H35: CILINDRO MESTRE DE FREIO | I35: 0986AB8602 (BOSCH) | 30561101513 (OEM) | 5849 (ATE) | C2000 (CONTROIL) | RCCD00680 (TRW) | J35: VOLKSWAGEN | K35: =IFERROR(VLOOKUP(A35,'Pedido ESTHER'!$B:$C,2,0),"") | L35: =IF(N(K35)>0,"COMPRA","NÃO COMPRA") -> NÃO COMPRA
A36: SBC1042 | B36: CILINDRO MESTRE DE FREIO GM | C36: =VLOOKUP(A36,[2]Planilha1!$A:$B,2,0) -> #N/A | D36: =SUMIF([1]Relatório!$A$2:$A$2653,A36,[1]Relatório!$AK$2:$AK$2653) -> 2389 | E36: =D36/SUM($D$7:$D$1708) -> 0.0040840609 | F36: =SUM($E$7:E36) -> 0.23998003 | G36: =IF(F36<=70%,"A",IF(F36<=90%,"B","C")) -> A | H36: CILINDRO MESTRE DE FREIO | J36: GM | K36: =IFERROR(VLOOKUP(A36,'Pedido ESTHER'!$B:$C,2,0),"") | L36: =IF(N(K36)>0,"COMPRA","NÃO COMPRA") -> NÃO COMPRA
A37: SWC5011 | B37: CILINDRO DE RODA LE/LD GM | C37: =VLOOKUP(A37,[2]Planilha1!$A:$B,2,0) -> #N/A | D37: =SUMIF([1]Relatório!$A$2:$A$2653,A37,[1]Relatório!$AK$2:$AK$2653) -> 2282 | E37: =D37/SUM($D$7:$D$1708) -> 0.0039011415 | F37: =SUM($E$7:E37) -> 0.24388117 | G37: =IF(F37<=70%,"A",IF(F37<=90%,"B","C")) -> A | H37: CILINDRO DE RODA | I37: 0986AB8656 (BOSCH) | 95018639 (OEM) | 95231320 (OEM) | BWD6000 (TRW) | C3426 (CONTROIL) | CCR92267 (FORTEC) | J37: GM | K37: =IFERROR(VLOOKUP(A37,'Pedido ESTHER'!$B:$C,2,0),"") | L37: =IF(N(K37)>0,"COMPRA","NÃO COMPRA") -> NÃO COMPRA
A38: SSC3024 | B38: CILINDRO AUXILIAR DE EMBREAGEM JAC | C38: =VLOOKUP(A38,[2]Planilha1!$A:$B,2,0) -> #N/A | D38: =SUMIF([1]Relatório!$A$2:$A$2653,A38,[1]Relatório!$AK$2:$AK$2653) -> 2255 | E38: =D38/SUM($D$7:$D$1708) -> 0.0038549842 | F38: =SUM($E$7:E38) -> 0.24773616 | G38: =IF(F38<=70%,"A",IF(F38<=90%,"B","C")) -> A | H38: CILINDRO AUXILIAR DE EMBREAGEM | J38: JAC MOTORS | K38: =IFERROR(VLOOKUP(A38,'Pedido ESTHER'!$B:$C,2,0),"") | L38: =IF(N(K38)>0,"COMPRA","NÃO COMPRA") -> NÃO COMPRA
A39: SCC2083 | B39: CILINDRO MESTRE DE EMBREAGEM GM | C39: =VLOOKUP(A39,[2]Planilha1!$A:$B,2,0) -> #N/A | D39: =SUMIF([1]Relatório!$A$2:$A$2653,A39,[1]Relatório!$AK$2:$AK$2653) -> 2204 | E39: =D39/SUM($D$7:$D$1708) -> 0.0037677983 | F39: =SUM($E$7:E39) -> 0.25150396 | G39: =IF(F39<=70%,"A",IF(F39<=90%,"B","C")) -> A | H39: CILINDRO MESTRE DE EMBREAGEM | J39: GM | K39: =IFERROR(VLOOKUP(A39,'Pedido ESTHER'!$B:$C,2,0),"") | L39: =IF(N(K39)>0,"COMPRA","NÃO COMPRA") -> NÃO COMPRA
A40: SWC5013 | B40: CILINDRO DE RODA LE/LD FIAT | C40: =VLOOKUP(A40,[2]Planilha1!$A:$B,2,0) -> #N/A | D40: =SUMIF([1]Relatório!$A$2:$A$2653,A40,[1]Relatório!$AK$2:$AK$2653) -> 2162 | E40: =D40/SUM($D$7:$D$1708) -> 0.0036959982 | F40: =SUM($E$7:E40) -> 0.25519995 | G40: =IF(F40<=70%,"A",IF(F40<=90%,"B","C")) -> A | H40: CILINDRO DE RODA | I40: 6987 (ATE) | 7088827 (OEM) | C3429 (CONTROIL) | CCR92283 (FORTEC) | J40: FIAT | K40: =IFERROR(VLOOKUP(A40,'Pedido ESTHER'!$B:$C,2,0),"") -> 20 | L40: =IF(N(K40)>0,"COMPRA","NÃO COMPRA") -> COMPRA
A41: SBC1099 | B41: CILINDRO MESTRE DE FREIO GM | C41: =VLOOKUP(A41,[2]Planilha1!$A:$B,2,0) -> #N/A | D41: =SUMIF([1]Relatório!$A$2:$A$2653,A41,[1]Relatório!$AK$2:$AK$2653) -> 2119 | E41: =D41/SUM($D$7:$D$1708) -> 0.0036224885 | F41: =SUM($E$7:E41) -> 0.25882244 | G41: =IF(F41<=70%,"A",IF(F41<=90%,"B","C")) -> A | H41: CILINDRO MESTRE DE FREIO | I41: 0986AB8570 (BOSCH) | 6476 (ATE) | 94735981 (OEM) | C-2174 (CONTROIL) | PMF6000 (TRW) | J41: GM | K41: =IFERROR(VLOOKUP(A41,'Pedido ESTHER'!$B:$C,2,0),"") | L41: =IF(N(K41)>0,"COMPRA","NÃO COMPRA") -> NÃO COMPRA
A42: SCC2058 | B42: CILINDRO MESTRE DE EMBREAGEM RENAULT | C42: =VLOOKUP(A42,[2]Planilha1!$A:$B,2,0) -> #N/A | D42: =SUMIF([1]Relatório!$A$2:$A$2653,A42,[1]Relatório!$AK$2:$AK$2653) -> 2113 | E42: =D42/SUM($D$7:$D$1708) -> 0.0036122313 | F42: =SUM($E$7:E42) -> 0.26243467 | G42: =IF(F42<=70%,"A",IF(F42<=90%,"B","C")) -> A | H42: CILINDRO MESTRE DE EMBREAGEM | I42: 6001548446 (RENAULT) | 8200424004 (RENAULT) | 8200424007 (RENAULT) | J42: RENAULT | K42: =IFERROR(VLOOKUP(A42,'Pedido ESTHER'!$B:$C,2,0),"") | L42: =IF(N(K42)>0,"COMPRA","NÃO COMPRA") -> NÃO COMPRA
A43: SOC9000 | B43: RESFRIADOR OLEO FIAT | C43: =VLOOKUP(A43,[2]Planilha1!$A:$B,2,0) -> #N/A | D43: =SUMIF([1]Relatório!$A$2:$A$2653,A43,[1]Relatório!$AK$2:$AK$2653) -> 2094 | E43: =D43/SUM($D$7:$D$1708) -> 0.0035797503 | F43: =SUM($E$7:E43) -> 0.26601442 | G43: =IF(F43<=70%,"A",IF(F43<=90%,"B","C")) -> A | H43: RESFRIADOR DE ÓLEO CÂMBIO | I43: 7089720 (OEM) | J43: BMW / FIAT / JEEP / MINI | K43: =IFERROR(VLOOKUP(A43,'Pedido ESTHER'!$B:$C,2,0),"") | L43: =IF(N(K43)>0,"COMPRA","NÃO COMPRA") -> NÃO COMPRA
A44: SBS8000 | B44: SAPATA DE FREIO FIAT | C44: =VLOOKUP(A44,[2]Planilha1!$A:$B,2,0) -> #N/A | D44: =SUMIF([1]Relatório!$A$2:$A$2653,A44,[1]Relatório!$AK$2:$AK$2653) -> 2065 | E44: =D44/SUM($D$7:$D$1708) -> 0.003530174 | F44: =SUM($E$7:E44) -> 0.2695446 | G44: =IF(F44<=70%,"A",IF(F44<=90%,"B","C")) -> A | H44: SAPATA DE FREIO | I44: 0504CPA (COBREQ) | 203001 (SYL) | BPSA0090138 (MAZZICAR) | FI97CP (FRAS-LE) | HQJ502 (JURID) | J44: FIAT | K44: =IFERROR(VLOOKUP(A44,'Pedido ESTHER'!$B:$C,2,0),"") | L44: =IF(N(K44)>0,"COMPRA","NÃO COMPRA") -> NÃO COMPRA
A45: SBC1117 | B45: CILINDRO MESTRE DE FREIO GM | C45: =VLOOKUP(A45,[2]Planilha1!$A:$B,2,0) -> #N/A | D45: =SUMIF([1]Relatório!$A$2:$A$2653,A45,[1]Relatório!$AK$2:$AK$2653) -> 2053 | E45: =D45/SUM($D$7:$D$1708) -> 0.0035096597 | F45: =SUM($E$7:E45) -> 0.27305426 | G45: =IF(F45<=70%,"A",IF(F45<=90%,"B","C")) -> A | H45: CILINDRO MESTRE DE FREIO | I45: 6953 (ATE) | 94766501 (OEM) | C2221 (CONTROIL) | J45: GM | K45: =IFERROR(VLOOKUP(A45,'Pedido ESTHER'!$B:$C,2,0),"") -> 6 | L45: =IF(N(K45)>0,"COMPRA","NÃO COMPRA") -> COMPRA
A46: SCC2028 | B46: CILINDRO MESTRE DE EMBREAGEM FIAT | C46: =VLOOKUP(A46,[2]Planilha1!$A:$B,2,0) -> #N/A | D46: =SUMIF([1]Relatório!$A$2:$A$2653,A46,[1]Relatório!$AK$2:$AK$2653) -> 2033 | E46: =D46/SUM($D$7:$D$1708) -> 0.0034754691 | F46: =SUM($E$7:E46) -> 0.27652973 | G46: =IF(F46<=70%,"A",IF(F46<=90%,"B","C")) -> A | H46: CILINDRO MESTRE DE EMBREAGEM | J46: CITROEN / FIAT / PEUGEOT | K46: =IFERROR(VLOOKUP(A46,'Pedido ESTHER'!$B:$C,2,0),"") | L46: =IF(N(K46)>0,"COMPRA","NÃO COMPRA") -> NÃO COMPRA
A47: SWC5034 | B47: CILINDRO DE RODA LE/LD VW | C47: =VLOOKUP(A47,[2]Planilha1!$A:$B,2,0) -> #N/A | D47: =SUMIF([1]Relatório!$A$2:$A$2653,A47,[1]Relatório!$AK$2:$AK$2653) -> 1989 | E47: =D47/SUM($D$7:$D$1708) -> 0.0034002499 | F47: =SUM($E$7:E47) -> 0.27992998 | G47: =IF(F47<=70%,"A",IF(F47<=90%,"B","C")) -> A | H47: CILINDRO DE RODA | I47: 0986AB8498 (BOSCH) | 5U0611053A (OEM) | 5U0611053C (OEM) | 7600 (ATE) | C3527 (CONTROIL) | CCR92261 (FORTEC) | RCCR03510 (TRW) | J47: VOLKSWAGEN | K47: =IFERROR(VLOOKUP(A47,'Pedido ESTHER'!$B:$C,2,0),"") | L47: =IF(N(K47)>0,"COMPRA","NÃO COMPRA") -> NÃO COMPRA
A48: SBC1083 | B48: CILINDRO MESTRE DE FREIO HYUNDA | C48: =VLOOKUP(A48,[2]Planilha1!$A:$B,2,0) -> #N/A | D48: =SUMIF([1]Relatório!$A$2:$A$2653,A48,[1]Relatório!$AK$2:$AK$2653) -> 1892 | E48: =D48/SUM($D$7:$D$1708) -> 0.0032344258 | F48: =SUM($E$7:E48) -> 0.2831644 | G48: =IF(F48<=70%,"A",IF(F48<=90%,"B","C")) -> A | H48: CILINDRO MESTRE DE FREIO | I48: 585101S300 (OEM) | 7661 (ATE) | C2244 (CONTROIL) | J48: HYUNDAI | K48: =IFERROR(VLOOKUP(A48,'Pedido ESTHER'!$B:$C,2,0),"") | L48: =IF(N(K48)>0,"COMPRA","NÃO COMPRA") -> NÃO COMPRA
A49: SSC3034 | B49: CILINDRO AUXILIAR DE EMBREAGEM VW | C49: =VLOOKUP(A49,[2]Planilha1!$A:$B,2,0) -> #N/A | D49: =SUMIF([1]Relatório!$A$2:$A$2653,A49,[1]Relatório!$AK$2:$AK$2653) -> 1889 | E49: =D49/SUM($D$7:$D$1708) -> 0.0032292972 | F49: =SUM($E$7:E49) -> 0.2863937 | G49: =IF(F49<=70%,"A",IF(F49<=90%,"B","C")) -> A | H49: CILINDRO AUXILIAR DE EMBREAGEM | J49: VOLKSWAGEN | K49: =IFERROR(VLOOKUP(A49,'Pedido ESTHER'!$B:$C,2,0),"") | L49: =IF(N(K49)>0,"COMPRA","NÃO COMPRA") -> NÃO COMPRA
A50: SVP6029 | B50: BOMBA DE VÁCUO GM | C50: =VLOOKUP(A50,[2]Planilha1!$A:$B,2,0) -> #N/A | D50: =SUMIF([1]Relatório!$A$2:$A$2653,A50,[1]Relatório!$AK$2:$AK$2653) -> 1835 | E50: =D50/SUM($D$7:$D$1708) -> 0.0031369827 | F50: =SUM($E$7:E50) -> 0.28953068 | G50: =IF(F50<=70%,"A",IF(F50<=90%,"B","C")) -> A | H50: BOMBA DE VÁCUO | J50: GM | K50: =IFERROR(VLOOKUP(A50,'Pedido ESTHER'!$B:$C,2,0),"") | L50: =IF(N(K50)>0,"COMPRA","NÃO COMPRA") -> NÃO COMPRA
A51: SCC2066 | B51: CILINDRO MESTRE DE EMBREAGEM JAC | C51: =VLOOKUP(A51,[2]Planilha1!$A:$B,2,0) -> #N/A | D51: =SUMIF([1]Relatório!$A$2:$A$2653,A51,[1]Relatório!$AK$2:$AK$2653) -> 1830 | E51: =D51/SUM($D$7:$D$1708) -> 0.0031284351 | F51: =SUM($E$7:E51) -> 0.29265912 | G51: =IF(F51<=70%,"A",IF(F51<=90%,"B","C")) -> A | H51: CILINDRO MESTRE DE EMBREAGEM | J51: JAC MOTORS | K51: =IFERROR(VLOOKUP(A51,'Pedido ESTHER'!$B:$C,2,0),"") | L51: =IF(N(K51)>0,"COMPRA","NÃO COMPRA") -> NÃO COMPRA
A52: SCC2065 | B52: CILINDRO MESTRE DE EMBREAGEM HONDA | C52: =VLOOKUP(A52,[2]Planilha1!$A:$B,2,0) -> #N/A | D52: =SUMIF([1]Relatório!$A$2:$A$2653,A52,[1]Relatório!$AK$2:$AK$2653) -> 1823 | E52: =D52/SUM($D$7:$D$1708) -> 0.0031164684 | F52: =SUM($E$7:E52) -> 0.29577559 | G52: =IF(F52<=70%,"A",IF(F52<=90%,"B","C")) -> A | H52: CILINDRO MESTRE DE EMBREAGEM | I52: 46920SNAA02 (OEM) | C2679 (CONTROIL) | J52: HONDA | K52: =IFERROR(VLOOKUP(A52,'Pedido ESTHER'!$B:$C,2,0),"") | L52: =IF(N(K52)>0,"COMPRA","NÃO COMPRA") -> NÃO COMPRA
A53: SBS8019 | B53: SAPATA DE FREIO FIAT | C53: =VLOOKUP(A53,[2]Planilha1!$A:$B,2,0) -> #N/A | D53: =SUMIF([1]Relatório!$A$2:$A$2653,A53,[1]Relatório!$AK$2:$AK$2653) -> 1801 | E53: =D53/SUM($D$7:$D$1708) -> 0.0030788588 | F53: =SUM($E$7:E53) -> 0.29885445 | G53: =IF(F53<=70%,"A",IF(F53<=90%,"B","C")) -> A | H53: SAPATA DE FREIO | I53: 203020 (SYL) | 2717CPA (COBREQ) | BPSA0090146 (MAZZICAR) | FI219CPA (FRAS-LE) | J53: FIAT | K53: =IFERROR(VLOOKUP(A53,'Pedido ESTHER'!$B:$C,2,0),"") | L53: =IF(N(K53)>0,"COMPRA","NÃO COMPRA") -> NÃO COMPRA
A54: SVP6028 | B54: BOMBA DE VÁCUO GM | C54: =VLOOKUP(A54,[2]Planilha1!$A:$B,2,0) -> #N/A | D54: =SUMIF([1]Relatório!$A$2:$A$2653,A54,[1]Relatório!$AK$2:$AK$2653) -> 1796 | E54: =D54/SUM($D$7:$D$1708) -> 0.0030703112 | F54: =SUM($E$7:E54) -> 0.30192476 | G54: =IF(F54<=70%,"A",IF(F54<=90%,"B","C")) -> A | H54: BOMBA DE VÁCUO | J54: GM | K54: =IFERROR(VLOOKUP(A54,'Pedido ESTHER'!$B:$C,2,0),"") | L54: =IF(N(K54)>0,"COMPRA","NÃO COMPRA") -> NÃO COMPRA
A55: SCS4031 | B55: ATUADOR DE EMBREAGEM NISSAN/RENAULT | C55: =VLOOKUP(A55,[2]Planilha1!$A:$B,2,0) -> #N/A | D55: =SUMIF([1]Relatório!$A$2:$A$2653,A55,[1]Relatório!$AK$2:$AK$2653) -> 1791 | E55: =D55/SUM($D$7:$D$1708) -> 0.0030617635 | F55: =SUM($E$7:E55) -> 0.30498652 | G55: =IF(F55<=70%,"A",IF(F55<=90%,"B","C")) -> A | H55: ATUADOR DE EMBREAGEM | I55: 1100930 (VALEO) | 510009710 (LUK) | ZA300741 (FTE) | J55: NISSAN / RENAULT | K55: =IFERROR(VLOOKUP(A55,'Pedido ESTHER'!$B:$C,2,0),"") | L55: =IF(N(K55)>0,"COMPRA","NÃO COMPRA") -> NÃO COMPRA
A56: SWC5003R | B56: CILINDRO DE RODA LD PEUGEOT | C56: =VLOOKUP(A56,[2]Planilha1!$A:$B,2,0) -> #N/A | D56: =SUMIF([1]Relatório!$A$2:$A$2653,A56,[1]Relatório!$AK$2:$AK$2653) -> 1754 | E56: =D56/SUM($D$7:$D$1708) -> 0.002998511 | F56: =SUM($E$7:E56) -> 0.30798503 | G56: =IF(F56<=70%,"A",IF(F56<=90%,"B","C")) -> A | H56: CILINDRO DE RODA | I56: 0986AB8039 (BOSCH) | 440298 (OEM) | 7602 (ATE) | 95668068 (OEM) | C3512 (CONTROIL) | CCR92236 (FORTEC) | CR2728 (BOSCH) | RCCR02960 (TRW) | J56: PEUGEOT | K56: =IFERROR(VLOOKUP(A56,'Pedido ESTHER'!$B:$C,2,0),"") | L56: =IF(N(K56)>0,"COMPRA","NÃO COMPRA") -> NÃO COMPRA
A57: SBC1122B | B57: CILINDRO MESTRE DE FREIO GM | C57: =VLOOKUP(A57,[2]Planilha1!$A:$B,2,0) -> #N/A | D57: =SUMIF([1]Relatório!$A$2:$A$2653,A57,[1]Relatório!$AK$2:$AK$2653) -> 1733 | E57: =D57/SUM($D$7:$D$1708) -> 0.0029626109 | F57: =SUM($E$7:E57) -> 0.31094764 | G57: =IF(F57<=70%,"A",IF(F57<=90%,"B","C")) -> A | H57: CILINDRO MESTRE DE FREIO | J57: GM | K57: =IFERROR(VLOOKUP(A57,'Pedido ESTHER'!$B:$C,2,0),"") | L57: =IF(N(K57)>0,"COMPRA","NÃO COMPRA") -> NÃO COMPRA
A58: SBS8001 | B58: SAPATA DE FREIO FORD/GM | C58: =VLOOKUP(A58,[2]Planilha1!$A:$B,2,0) -> #N/A | D58: =SUMIF([1]Relatório!$A$2:$A$2653,A58,[1]Relatório!$AK$2:$AK$2653) -> 1718 | E58: =D58/SUM($D$7:$D$1708) -> 0.002936968 | F58: =SUM($E$7:E58) -> 0.31388461 | G58: =IF(F58<=70%,"A",IF(F58<=90%,"B","C")) -> A | H58: SAPATA DE FREIO | I58: 201705 (SYL) | 2615CPA (COBREQ) | BPSA0097175 (MAZZICAR) | FD61CPA (FRAS-LE) | HQJ508A (JURID) | RRSA00710 (TRW) | J58: FORD / GM | K58: =IFERROR(VLOOKUP(A58,'Pedido ESTHER'!$B:$C,2,0),"") | L58: =IF(N(K58)>0,"COMPRA","NÃO COMPRA") -> NÃO COMPRA
A59: SBS8018 | B59: SAPATA DE FREIO GM | C59: =VLOOKUP(A59,[2]Planilha1!$A:$B,2,0) -> #N/A | D59: =SUMIF([1]Relatório!$A$2:$A$2653,A59,[1]Relatório!$AK$2:$AK$2653) -> 1701 | E59: =D59/SUM($D$7:$D$1708) -> 0.0029079061 | F59: =SUM($E$7:E59) -> 0.31679252 | G59: =IF(F59<=70%,"A",IF(F59<=90%,"B","C")) -> A | H59: SAPATA DE FREIO | I59: 201711 (SYL) | 2715CPA (COBREQ) | BPSA0094680 (MAZZICAR) | CB416CPA (FRAS-LE) | J59: GM | K59: =IFERROR(VLOOKUP(A59,'Pedido ESTHER'!$B:$C,2,0),"") | L59: =IF(N(K59)>0,"COMPRA","NÃO COMPRA") -> NÃO COMPRA
A60: SBC1077 | B60: CILINDRO MESTE FREIO HYUNDAI | C60: =VLOOKUP(A60,[2]Planilha1!$A:$B,2,0) -> #N/A | D60: =SUMIF([1]Relatório!$A$2:$A$2653,A60,[1]Relatório!$AK$2:$AK$2653) -> 1677 | E60: =D60/SUM($D$7:$D$1708) -> 0.0028668774 | F60: =SUM($E$7:E60) -> 0.31965939 | G60: =IF(F60<=70%,"A",IF(F60<=90%,"B","C")) -> A | H60: CILINDRO MESTRE DE FREIO | J60: HYUNDAI / KIA | K60: =IFERROR(VLOOKUP(A60,'Pedido ESTHER'!$B:$C,2,0),"") | L60: =IF(N(K60)>0,"COMPRA","NÃO COMPRA") -> NÃO COMPRA
A61: SSC3006 | B61: CILINDRO AUXILIAR DE EMBREAGEM HYUNDAI | C61: =VLOOKUP(A61,[2]Planilha1!$A:$B,2,0) -> #N/A | D61: =SUMIF([1]Relatório!$A$2:$A$2653,A61,[1]Relatório!$AK$2:$AK$2653) -> 1669 | E61: =D61/SUM($D$7:$D$1708) -> 0.0028532012 | F61: =SUM($E$7:E61) -> 0.32251259 | G61: =IF(F61<=70%,"A",IF(F61<=90%,"B","C")) -> A | H61: CILINDRO AUXILIAR DE EMBREAGEM | I61: C2732 (CONTROIL) | KN2005471 (FTE) | RCCE01630 (TRW) | J61: HYUNDAI / KIA | K61: =IFERROR(VLOOKUP(A61,'Pedido ESTHER'!$B:$C,2,0),"") | L61: =IF(N(K61)>0,"COMPRA","NÃO COMPRA") -> NÃO COMPRA
A62: SBC1142 | B62: CILINDRO MESTRE DE FREIO TOYOTA | C62: =VLOOKUP(A62,[2]Planilha1!$A:$B,2,0) -> #N/A | D62: =SUMIF([1]Relatório!$A$2:$A$2653,A62,[1]Relatório!$AK$2:$AK$2653) -> 1639 | E62: =D62/SUM($D$7:$D$1708) -> 0.0028019154 | F62: =SUM($E$7:E62) -> 0.32531451 | G62: =IF(F62<=70%,"A",IF(F62<=90%,"B","C")) -> A | H62: CILINDRO MESTRE DE FREIO | I62: 0204054841 (BOSCH) | CM4841CR (BOSCH) | J62: TOYOTA | K62: =IFERROR(VLOOKUP(A62,'Pedido ESTHER'!$B:$C,2,0),"") | L62: =IF(N(K62)>0,"COMPRA","NÃO COMPRA") -> NÃO COMPRA
A63: SSC3021 | B63: CILINDRO AUXILIAR DE EMBREAGEM HONDA | C63: =VLOOKUP(A63,[2]Planilha1!$A:$B,2,0) -> #N/A | D63: =SUMIF([1]Relatório!$A$2:$A$2653,A63,[1]Relatório!$AK$2:$AK$2653) -> 1627 | E63: =D63/SUM($D$7:$D$1708) -> 0.002781401 | F63: =SUM($E$7:E63) -> 0.32809591 | G63: =IF(F63<=70%,"A",IF(F63<=90%,"B","C")) -> A | H63: CILINDRO AUXILIAR DE EMBREAGEM | I63: 46930SNAA41 (OEM) | C2699 (CONTROIL) | D161023 (FTE) | J63: HONDA | K63: =IFERROR(VLOOKUP(A63,'Pedido ESTHER'!$B:$C,2,0),"") | L63: =IF(N(K63)>0,"COMPRA","NÃO COMPRA") -> NÃO COMPRA
A64: SWC5000 | B64: CILINDRO DE RODA LE/LD FORD/VW | C64: =VLOOKUP(A64,[2]Planilha1!$A:$B,2,0) -> #N/A | D64: =SUMIF([1]Relatório!$A$2:$A$2653,A64,[1]Relatório!$AK$2:$AK$2653) -> 1621 | E64: =D64/SUM($D$7:$D$1708) -> 0.0027711439 | F64: =SUM($E$7:E64) -> 0.33086706 | G64: =IF(F64<=70%,"A",IF(F64<=90%,"B","C")) -> A | H64: CILINDRO DE RODA | I64: 0986AB8659 (BOSCH) | 3096110531 (OEM) | 5346 (ATE) | 5841 (ATE) | 6N0611053 (OEM) | 6QE611053 (OEM) | C3356 (CONTROIL) | CCR9213 (FORTEC) | CR9167 (BOSCH) | RCCR02930 (TRW) | J64: FORD / VOLKSWAGEN | K64: =IFERROR(VLOOKUP(A64,'Pedido ESTHER'!$B:$C,2,0),"") | L64: =IF(N(K64)>0,"COMPRA","NÃO COMPRA") -> NÃO COMPRA
A65: SBS8007 | B65: SAPATA DE FREIO GM | C65: =VLOOKUP(A65,[2]Planilha1!$A:$B,2,0) -> #N/A | D65: =SUMIF([1]Relatório!$A$2:$A$2653,A65,[1]Relatório!$AK$2:$AK$2653) -> 1596 | E65: =D65/SUM($D$7:$D$1708) -> 0.0027284057 | F65: =SUM($E$7:E65) -> 0.33359546 | G65: =IF(F65<=70%,"A",IF(F65<=90%,"B","C")) -> A | H65: SAPATA DE FREIO | I65: 201703 (SYL) | 2649CPA (COBREQ) | BPSA0094660 (MAZZICAR) | CB49CPA (FRAS-LE) | HQJ509A (JURID) | RRSA00694 (TRW) | J65: GM | K65: =IFERROR(VLOOKUP(A65,'Pedido ESTHER'!$B:$C,2,0),"") | L65: =IF(N(K65)>0,"COMPRA","NÃO COMPRA") -> NÃO COMPRA
A66: SWC5012 | B66: CILINDRO DE RODA LE/LD FIAT | C66: =VLOOKUP(A66,[2]Planilha1!$A:$B,2,0) -> #N/A | D66: =SUMIF([1]Relatório!$A$2:$A$2653,A66,[1]Relatório!$AK$2:$AK$2653) -> 1578 | E66: =D66/SUM($D$7:$D$1708) -> 0.0026976342 | F66: =SUM($E$7:E66) -> 0.3362931 | G66: =IF(F66<=70%,"A",IF(F66<=90%,"B","C")) -> A | H66: CILINDRO DE RODA | I66: 6996 (ATE) | 7088679 (OEM) | C3427 (CONTROIL) | J66: FIAT | K66: =IFERROR(VLOOKUP(A66,'Pedido ESTHER'!$B:$C,2,0),"") | L66: =IF(N(K66)>0,"COMPRA","NÃO COMPRA") -> NÃO COMPRA
A67: SBC1152 | B67: CILINDRO MESTRE DE FREIO HONDA | C67: =VLOOKUP(A67,[2]Planilha1!$A:$B,2,0) -> #N/A | D67: =SUMIF([1]Relatório!$A$2:$A$2653,A67,[1]Relatório!$AK$2:$AK$2653) -> 1572 | E67: =D67/SUM($D$7:$D$1708) -> 0.002687377 | F67: =SUM($E$7:E67) -> 0.33898047 | G67: =IF(F67<=70%,"A",IF(F67<=90%,"B","C")) -> A | H67: CILINDRO MESTRE DE FREIO | J67: HONDA | K67: =IFERROR(VLOOKUP(A67,'Pedido ESTHER'!$B:$C,2,0),"") | L67: =IF(N(K67)>0,"COMPRA","NÃO COMPRA") -> NÃO COMPRA
A68: SCC2038 | B68: CILINDRO MESTRE DE EMBREAGEM FORD | C68: =VLOOKUP(A68,[2]Planilha1!$A:$B,2,0) -> #N/A | D68: =SUMIF([1]Relatório!$A$2:$A$2653,A68,[1]Relatório!$AK$2:$AK$2653) -> 1555 | E68: =D68/SUM($D$7:$D$1708) -> 0.0026583151 | F68: =SUM($E$7:E68) -> 0.34163879 | G68: =IF(F68<=70%,"A",IF(F68<=90%,"B","C")) -> A | H68: CILINDRO MESTRE DE EMBREAGEM | I68: C2684 (CONTROIL) | KG19009501 (FTE) | RCCE01080 (TRW) | VKCH4745 (SKF) | J68: FORD | K68: =IFERROR(VLOOKUP(A68,'Pedido ESTHER'!$B:$C,2,0),"") | L68: =IF(N(K68)>0,"COMPRA","NÃO COMPRA") -> NÃO COMPRA
A69: SWP232H | B69: BOMBA ÁGUA MINI | C69: =VLOOKUP(A69,[2]Planilha1!$A:$B,2,0) -> #N/A | D69: =SUMIF([1]Relatório!$A$2:$A$2653,A69,[1]Relatório!$AK$2:$AK$2653) -> 1555 | E69: =D69/SUM($D$7:$D$1708) -> 0.0026583151 | F69: =SUM($E$7:E69) -> 0.3442971 | G69: =IF(F69<=70%,"A",IF(F69<=90%,"B","C")) -> A | H69: BOMBA D'ÁGUA | I69: 114504 (INDISA) | J69: FIAT / JEEP / MINI | K69: =IFERROR(VLOOKUP(A69,'Pedido ESTHER'!$B:$C,2,0),"") | L69: =IF(N(K69)>0,"COMPRA","NÃO COMPRA") -> NÃO COMPRA
A70: SBS8034 | B70: SAPATA DE FREIO FIAT | C70: =VLOOKUP(A70,[2]Planilha1!$A:$B,2,0) -> #N/A | D70: =SUMIF([1]Relatório!$A$2:$A$2653,A70,[1]Relatório!$AK$2:$AK$2653) -> 1538 | E70: =D70/SUM($D$7:$D$1708) -> 0.0026292531 | F70: =SUM($E$7:E70) -> 0.34692636 | G70: =IF(F70<=70%,"A",IF(F70<=90%,"B","C")) -> A | H70: SAPATA DE FREIO | I70: 203012 (SYL) | 2782CPA (COBREQ) | BPSA0090137 (MAZZICAR) | FI330CPA (FRAS-LE) | J70: FIAT | K70: =IFERROR(VLOOKUP(A70,'Pedido ESTHER'!$B:$C,2,0),"") | L70: =IF(N(K70)>0,"COMPRA","NÃO COMPRA") -> NÃO COMPRA
A71: SSC3029 | B71: CILINDRO AUXILIAR DE EMBREAGEM HYUNDAI | C71: =VLOOKUP(A71,[2]Planilha1!$A:$B,2,0) -> #N/A | D71: =SUMIF([1]Relatório!$A$2:$A$2653,A71,[1]Relatório!$AK$2:$AK$2653) -> 1498 | E71: =D71/SUM($D$7:$D$1708) -> 0.002560872 | F71: =SUM($E$7:E71) -> 0.34948723 | G71: =IF(F71<=70%,"A",IF(F71<=90%,"B","C")) -> A | H71: CILINDRO AUXILIAR DE EMBREAGEM | I71: 41700-4F000 (HYUNDAI) | J71: HYUNDAI / KIA | K71: =IFERROR(VLOOKUP(A71,'Pedido ESTHER'!$B:$C,2,0),"") | L71: =IF(N(K71)>0,"COMPRA","NÃO COMPRA") -> NÃO COMPRA
A72: SBC1094 | B72: CILINDRO MESTRE DE FREIO FORD | C72: =VLOOKUP(A72,[2]Planilha1!$A:$B,2,0) -> #N/A | D72: =SUMIF([1]Relatório!$A$2:$A$2653,A72,[1]Relatório!$AK$2:$AK$2653) -> 1490 | E72: =D72/SUM($D$7:$D$1708) -> 0.0025471958 | F72: =SUM($E$7:E72) -> 0.35203442 | G72: =IF(F72<=70%,"A",IF(F72<=90%,"B","C")) -> A | H72: CILINDRO MESTRE DE FREIO | I72: 6360 (ATE) | 7N152140AA (OEM) | J72: FORD | K72: =IFERROR(VLOOKUP(A72,'Pedido ESTHER'!$B:$C,2,0),"") | L72: =IF(N(K72)>0,"COMPRA","NÃO COMPRA") -> NÃO COMPRA
A73: SWP283 | B73: BOMBA ÁGUA RENAULT | C73: =VLOOKUP(A73,[2]Planilha1!$A:$B,2,0) -> #N/A | D73: =SUMIF([1]Relatório!$A$2:$A$2653,A73,[1]Relatório!$AK$2:$AK$2653) -> 1486 | E73: =D73/SUM($D$7:$D$1708) -> 0.0025403577 | F73: =SUM($E$7:E73) -> 0.35457478 | G73: =IF(F73<=70%,"A",IF(F73<=90%,"B","C")) -> A | H73: BOMBA D'ÁGUA | I73: NKBA09826 (NAKATA) | J73: RENAULT | K73: =IFERROR(VLOOKUP(A73,'Pedido ESTHER'!$B:$C,2,0),"") | L73: =IF(N(K73)>0,"COMPRA","NÃO COMPRA") -> NÃO COMPRA
A74: SBC1144 | B74: CILINDRO MESTRE DE FREIO GM | C74: =VLOOKUP(A74,[2]Planilha1!$A:$B,2,0) -> #N/A | D74: =SUMIF([1]Relatório!$A$2:$A$2653,A74,[1]Relatório!$AK$2:$AK$2653) -> 1463 | E74: =D74/SUM($D$7:$D$1708) -> 0.0025010385 | F74: =SUM($E$7:E74) -> 0.35707582 | G74: =IF(F74<=70%,"A",IF(F74<=90%,"B","C")) -> A | H74: CILINDRO MESTRE DE FREIO | I74: 6490 (ATE) | 94741181 (OEM) | C2207 (CONTROIL) | PMF6011 (TRW) | J74: GM | K74: =IFERROR(VLOOKUP(A74,'Pedido ESTHER'!$B:$C,2,0),"") | L74: =IF(N(K74)>0,"COMPRA","NÃO COMPRA") -> NÃO COMPRA
A75: SBC1161 | B75: CILINDRO MESTRE DE FREIO GM | C75: =VLOOKUP(A75,[2]Planilha1!$A:$B,2,0) -> #N/A | D75: =SUMIF([1]Relatório!$A$2:$A$2653,A75,[1]Relatório!$AK$2:$AK$2653) -> 1420 | E75: =D75/SUM($D$7:$D$1708) -> 0.0024275289 | F75: =SUM($E$7:E75) -> 0.35950335 | G75: =IF(F75<=70%,"A",IF(F75<=90%,"B","C")) -> A | H75: CILINDRO MESTRE DE FREIO | I75: 0986AB8672 (BOSCH) | 93249824 (OEM) | C2214 (CONTROIL) | CM2593 (BOSCH) | J75: GM | K75: =IFERROR(VLOOKUP(A75,'Pedido ESTHER'!$B:$C,2,0),"") | L75: =IF(N(K75)>0,"COMPRA","NÃO COMPRA") -> NÃO COMPRA
A76: SBC1190 | B76: CILINDRO MESTRE DE FREIO NISSAN | C76: =VLOOKUP(A76,[2]Planilha1!$A:$B,2,0) -> #N/A | D76: =SUMIF([1]Relatório!$A$2:$A$2653,A76,[1]Relatório!$AK$2:$AK$2653) -> 1394 | E76: =D76/SUM($D$7:$D$1708) -> 0.0023830811 | F76: =SUM($E$7:E76) -> 0.36188643 | G76: =IF(F76<=70%,"A",IF(F76<=90%,"B","C")) -> A | H76: CILINDRO MESTRE DE FREIO | J76: NISSAN | K76: =IFERROR(VLOOKUP(A76,'Pedido ESTHER'!$B:$C,2,0),"") | L76: =IF(N(K76)>0,"COMPRA","NÃO COMPRA") -> NÃO COMPRA
A77: SBC1069 | B77: CILINDRO MESTRE DE FREIO VW | C77: =VLOOKUP(A77,[2]Planilha1!$A:$B,2,0) -> #N/A | D77: =SUMIF([1]Relatório!$A$2:$A$2653,A77,[1]Relatório!$AK$2:$AK$2653) -> 1391 | E77: =D77/SUM($D$7:$D$1708) -> 0.0023779526 | F77: =SUM($E$7:E77) -> 0.36426438 | G77: =IF(F77<=70%,"A",IF(F77<=90%,"B","C")) -> A | H77: CILINDRO MESTRE DE FREIO | I77: 0986AB8569 (BOSCH) | 5Z0611019P (OEM) | 5Z1614105G (OEM) | 5Z1614105P (OEM) | 5Z2614105J (OEM) | J77: VOLKSWAGEN | K77: =IFERROR(VLOOKUP(A77,'Pedido ESTHER'!$B:$C,2,0),"") | L77: =IF(N(K77)>0,"COMPRA","NÃO COMPRA") -> NÃO COMPRA
A78: SSC3004 | B78: CILINDRO AUXILIAR DE EMBREAGEM GM | C78: =VLOOKUP(A78,[2]Planilha1!$A:$B,2,0) -> #N/A | D78: =SUMIF([1]Relatório!$A$2:$A$2653,A78,[1]Relatório!$AK$2:$AK$2653) -> 1381 | E78: =D78/SUM($D$7:$D$1708) -> 0.0023608573 | F78: =SUM($E$7:E78) -> 0.36662524 | G78: =IF(F78<=70%,"A",IF(F78<=90%,"B","C")) -> A | H78: CILINDRO AUXILIAR DE EMBREAGEM | I78: C2625 (CONTROIL) | D151017 (FTE) | RCCE01230 (TRW) | VKCH151017 (SKF) | J78: GM | K78: =IFERROR(VLOOKUP(A78,'Pedido ESTHER'!$B:$C,2,0),"") | L78: =IF(N(K78)>0,"COMPRA","NÃO COMPRA") -> NÃO COMPRA
A79: SWC5019 | B79: CILINDRO DE RODA LE/LD RENAULT | C79: =VLOOKUP(A79,[2]Planilha1!$A:$B,2,0) -> #N/A | D79: =SUMIF([1]Relatório!$A$2:$A$2653,A79,[1]Relatório!$AK$2:$AK$2653) -> 1376 | E79: =D79/SUM($D$7:$D$1708) -> 0.0023523097 | F79: =SUM($E$7:E79) -> 0.36897755 | G79: =IF(F79<=70%,"A",IF(F79<=90%,"B","C")) -> A | H79: CILINDRO DE RODA | I79: 0986AB8579 (BOSCH) | 6001549707 (OEM) | 7687 (ATE) | C3431 (CONTROIL) | CCR92268 (FORTEC) | J79: RENAULT | K79: =IFERROR(VLOOKUP(A79,'Pedido ESTHER'!$B:$C,2,0),"") | L79: =IF(N(K79)>0,"COMPRA","NÃO COMPRA") -> NÃO COMPRA
A80: SBC1023 | B80: CILINDRO MESTRE DE FREIO AUDI/VW | C80: =VLOOKUP(A80,[2]Planilha1!$A:$B,2,0) -> #N/A | D80: =SUMIF([1]Relatório!$A$2:$A$2653,A80,[1]Relatório!$AK$2:$AK$2653) -> 1366 | E80: =D80/SUM($D$7:$D$1708) -> 0.0023352144 | F80: =SUM($E$7:E80) -> 0.37131276 | G80: =IF(F80<=70%,"A",IF(F80<=90%,"B","C")) -> A | H80: CILINDRO MESTRE DE FREIO | I80: 0986AB8595 (BOSCH) | 1J1614019 (OEM) | 6350 (ATE) | C2095 (CONTROIL) | PMK491 (TRW) | J80: AUDI / VOLKSWAGEN | K80: =IFERROR(VLOOKUP(A80,'Pedido ESTHER'!$B:$C,2,0),"") | L80: =IF(N(K80)>0,"COMPRA","NÃO COMPRA") -> NÃO COMPRA
A81: SCS4003 | B81: ATUADOR DE EMBREAGEM RENAULT | C81: =VLOOKUP(A81,[2]Planilha1!$A:$B,2,0) -> #N/A | D81: =SUMIF([1]Relatório!$A$2:$A$2653,A81,[1]Relatório!$AK$2:$AK$2653) -> 1359 | E81: =D81/SUM($D$7:$D$1708) -> 0.0023232477 | F81: =SUM($E$7:E81) -> 0.37363601 | G81: =IF(F81<=70%,"A",IF(F81<=90%,"B","C")) -> A | H81: ATUADOR DE EMBREAGEM | J81: NISSAN / RENAULT | K81: =IFERROR(VLOOKUP(A81,'Pedido ESTHER'!$B:$C,2,0),"") | L81: =IF(N(K81)>0,"COMPRA","NÃO COMPRA") -> NÃO COMPRA
A82: SWC5003L | B82: CILINDRO DE RODA LE PEUGEOT | C82: =VLOOKUP(A82,[2]Planilha1!$A:$B,2,0) -> #N/A | D82: =SUMIF([1]Relatório!$A$2:$A$2653,A82,[1]Relatório!$AK$2:$AK$2653) -> 1355 | E82: =D82/SUM($D$7:$D$1708) -> 0.0023164096 | F82: =SUM($E$7:E82) -> 0.37595242 | G82: =IF(F82<=70%,"A",IF(F82<=90%,"B","C")) -> A | H82: CILINDRO DE RODA | I82: 0986AB8040 (BOSCH) | 440297 (OEM) | 7612 (ATE) | 95668067 (OEM) | C3511 (CONTROIL) | CCR92237 (FORTEC) | CR2727 (BOSCH) | RCCR02950 (TRW) | J82: PEUGEOT | K82: =IFERROR(VLOOKUP(A82,'Pedido ESTHER'!$B:$C,2,0),"") | L82: =IF(N(K82)>0,"COMPRA","NÃO COMPRA") -> NÃO COMPRA
A83: SOC9014 | B83: RESFRIADOR OLEO NISSAN | C83: =VLOOKUP(A83,[2]Planilha1!$A:$B,2,0) -> #N/A | D83: =SUMIF([1]Relatório!$A$2:$A$2653,A83,[1]Relatório!$AK$2:$AK$2653) -> 1334 | E83: =D83/SUM($D$7:$D$1708) -> 0.0022805095 | F83: =SUM($E$7:E83) -> 0.37823293 | G83: =IF(F83<=70%,"A",IF(F83<=90%,"B","C")) -> A | H83: RESFRIADOR DE ÓLEO MOTOR | I83: 213053566R (OEM) | J83: NISSAN / RENAULT | K83: =IFERROR(VLOOKUP(A83,'Pedido ESTHER'!$B:$C,2,0),"") | L83: =IF(N(K83)>0,"COMPRA","NÃO COMPRA") -> NÃO COMPRA
A84: SBC1036 | B84: CILINDRO MESTRE DE FREIO GM | C84: =VLOOKUP(A84,[2]Planilha1!$A:$B,2,0) -> #N/A | D84: =SUMIF([1]Relatório!$A$2:$A$2653,A84,[1]Relatório!$AK$2:$AK$2653) -> 1331 | E84: =D84/SUM($D$7:$D$1708) -> 0.0022753809 | F84: =SUM($E$7:E84) -> 0.38050831 | G84: =IF(F84<=70%,"A",IF(F84<=90%,"B","C")) -> A | H84: CILINDRO MESTRE DE FREIO | I84: 0986AB8646 (BOSCH) | 5825 (ATE) | 93235560 (OEM) | C2041 (CONTROIL) | RCCD01610 (TRW) | J84: GM | K84: =IFERROR(VLOOKUP(A84,'Pedido ESTHER'!$B:$C,2,0),"") | L84: =IF(N(K84)>0,"COMPRA","NÃO COMPRA") -> NÃO COMPRA
A85: SCS4034 | B85: ATUADOR DE EMBREAGEM GM | C85: =VLOOKUP(A85,[2]Planilha1!$A:$B,2,0) -> #N/A | D85: =SUMIF([1]Relatório!$A$2:$A$2653,A85,[1]Relatório!$AK$2:$AK$2653) -> 1330 | E85: =D85/SUM($D$7:$D$1708) -> 0.0022736714 | F85: =SUM($E$7:E85) -> 0.38278198 | G85: =IF(F85<=70%,"A",IF(F85<=90%,"B","C")) -> A | H85: ATUADOR DE EMBREAGEM | J85: GM | K85: =IFERROR(VLOOKUP(A85,'Pedido ESTHER'!$B:$C,2,0),"") | L85: =IF(N(K85)>0,"COMPRA","NÃO COMPRA") -> NÃO COMPRA
A86: SCC2062 | B86: CILINDRO MESTRE DE EMBREAGEM HYUNDAI | C86: =VLOOKUP(A86,[2]Planilha1!$A:$B,2,0) -> #N/A | D86: =SUMIF([1]Relatório!$A$2:$A$2653,A86,[1]Relatório!$AK$2:$AK$2653) -> 1327 | E86: =D86/SUM($D$7:$D$1708) -> 0.0022685428 | F86: =SUM($E$7:E86) -> 0.38505053 | G86: =IF(F86<=70%,"A",IF(F86<=90%,"B","C")) -> A | H86: CILINDRO MESTRE DE EMBREAGEM | I86: 41600-4F000 (HYUNDAI) | C2730 (CONTROIL) | J86: HYUNDAI / KIA | K86: =IFERROR(VLOOKUP(A86,'Pedido ESTHER'!$B:$C,2,0),"") | L86: =IF(N(K86)>0,"COMPRA","NÃO COMPRA") -> NÃO COMPRA
A87: SBC1095 | B87: CILINDRO MESTRE DE FREIO TOYOTA | C87: =VLOOKUP(A87,[2]Planilha1!$A:$B,2,0) -> #N/A | D87: =SUMIF([1]Relatório!$A$2:$A$2653,A87,[1]Relatório!$AK$2:$AK$2653) -> 1292 | E87: =D87/SUM($D$7:$D$1708) -> 0.0022087094 | F87: =SUM($E$7:E87) -> 0.38725923 | G87: =IF(F87<=70%,"A",IF(F87<=90%,"B","C")) -> A | H87: CILINDRO MESTRE DE FREIO | I87: 0204051923 (BOSCH) | CM1923 (BOSCH) | J87: TOYOTA | K87: =IFERROR(VLOOKUP(A87,'Pedido ESTHER'!$B:$C,2,0),"") | L87: =IF(N(K87)>0,"COMPRA","NÃO COMPRA") -> NÃO COMPRA
A88: SSC3009 | B88: CILINDRO AUXILIAR DE EMBREAGEM VW | C88: =VLOOKUP(A88,[2]Planilha1!$A:$B,2,0) -> #N/A | D88: =SUMIF([1]Relatório!$A$2:$A$2653,A88,[1]Relatório!$AK$2:$AK$2653) -> 1291 | E88: =D88/SUM($D$7:$D$1708) -> 0.0022069998 | F88: =SUM($E$7:E88) -> 0.38946623 | G88: =IF(F88<=70%,"A",IF(F88<=90%,"B","C")) -> A | H88: CILINDRO AUXILIAR DE EMBREAGEM | I88: C2656 (CONTROIL) | KN1903042 (FTE) | RCCE01310 (TRW) | VKCH19030 (SKF) | J88: AUDI / VOLKSWAGEN | K88: =IFERROR(VLOOKUP(A88,'Pedido ESTHER'!$B:$C,2,0),"") | L88: =IF(N(K88)>0,"COMPRA","NÃO COMPRA") -> NÃO COMPRA
A89: SBC1041 | B89: CILINDRO MESTRE DE FREIO VW | C89: =VLOOKUP(A89,[2]Planilha1!$A:$B,2,0) -> #N/A | D89: =SUMIF([1]Relatório!$A$2:$A$2653,A89,[1]Relatório!$AK$2:$AK$2653) -> 1287 | E89: =D89/SUM($D$7:$D$1708) -> 0.0022001617 | F89: =SUM($E$7:E89) -> 0.3916664 | G89: =IF(F89<=70%,"A",IF(F89<=90%,"B","C")) -> A | H89: CILINDRO MESTRE DE FREIO | I89: C2060 (CONTROIL) | RCCD00140 (TRW) | J89: FORD / TROLLER / VOLKSWAGEN | K89: =IFERROR(VLOOKUP(A89,'Pedido ESTHER'!$B:$C,2,0),"") | L89: =IF(N(K89)>0,"COMPRA","NÃO COMPRA") -> NÃO COMPRA
A90: SSC3019 | B90: CILINDRO AUXILIAR DE EMBREAGEM FIAT | C90: =VLOOKUP(A90,[2]Planilha1!$A:$B,2,0) -> #N/A | D90: =SUMIF([1]Relatório!$A$2:$A$2653,A90,[1]Relatório!$AK$2:$AK$2653) -> 1286 | E90: =D90/SUM($D$7:$D$1708) -> 0.0021984522 | F90: =SUM($E$7:E90) -> 0.39386485 | G90: =IF(F90<=70%,"A",IF(F90<=90%,"B","C")) -> A | H90: CILINDRO AUXILIAR DE EMBREAGEM | I90: KN2007371 (FTE) | J90: FIAT | K90: =IFERROR(VLOOKUP(A90,'Pedido ESTHER'!$B:$C,2,0),"") | L90: =IF(N(K90)>0,"COMPRA","NÃO COMPRA") -> NÃO COMPRA
A91: SBC1141 | B91: CILINDRO MESTRE DE FREIO MITSUBISHI | C91: =VLOOKUP(A91,[2]Planilha1!$A:$B,2,0) -> #N/A | D91: =SUMIF([1]Relatório!$A$2:$A$2653,A91,[1]Relatório!$AK$2:$AK$2653) -> 1281 | E91: =D91/SUM($D$7:$D$1708) -> 0.0021899046 | F91: =SUM($E$7:E91) -> 0.39605475 | G91: =IF(F91<=70%,"A",IF(F91<=90%,"B","C")) -> A | H91: CILINDRO MESTRE DE FREIO | J91: MITSUBISHI | K91: =IFERROR(VLOOKUP(A91,'Pedido ESTHER'!$B:$C,2,0),"") | L91: =IF(N(K91)>0,"COMPRA","NÃO COMPRA") -> NÃO COMPRA
A92: SBC1002 | B92: CILINDRO MESTRE DE FREIO VW | C92: =VLOOKUP(A92,[2]Planilha1!$A:$B,2,0) -> #N/A | D92: =SUMIF([1]Relatório!$A$2:$A$2653,A92,[1]Relatório!$AK$2:$AK$2653) -> 1279 | E92: =D92/SUM($D$7:$D$1708) -> 0.0021864855 | F92: =SUM($E$7:E92) -> 0.39824124 | G92: =IF(F92<=70%,"A",IF(F92<=90%,"B","C")) -> A | H92: CILINDRO MESTRE DE FREIO | I92: 6342 (ATE) | C2067 (CONTROIL) | J92: FIAT / VOLKSWAGEN | K92: =IFERROR(VLOOKUP(A92,'Pedido ESTHER'!$B:$C,2,0),"") | L92: =IF(N(K92)>0,"COMPRA","NÃO COMPRA") -> NÃO COMPRA
A93: SBC1017 | B93: CILINDRO MESTRE DE FREIO RENAULT | C93: =VLOOKUP(A93,[2]Planilha1!$A:$B,2,0) -> #N/A | D93: =SUMIF([1]Relatório!$A$2:$A$2653,A93,[1]Relatório!$AK$2:$AK$2653) -> 1275 | E93: =D93/SUM($D$7:$D$1708) -> 0.0021796474 | F93: =SUM($E$7:E93) -> 0.40042089 | G93: =IF(F93<=70%,"A",IF(F93<=90%,"B","C")) -> A | H93: CILINDRO MESTRE DE FREIO | J93: RENAULT | K93: =IFERROR(VLOOKUP(A93,'Pedido ESTHER'!$B:$C,2,0),"") | L93: =IF(N(K93)>0,"COMPRA","NÃO COMPRA") -> NÃO COMPRA
A94: SCC2027 | B94: CILINDRO MESTRE DE EMBREAGEM HONDA | C94: =VLOOKUP(A94,[2]Planilha1!$A:$B,2,0) -> #N/A | D94: =SUMIF([1]Relatório!$A$2:$A$2653,A94,[1]Relatório!$AK$2:$AK$2653) -> 1259 | E94: =D94/SUM($D$7:$D$1708) -> 0.002152295 | F94: =SUM($E$7:E94) -> 0.40257318 | G94: =IF(F94<=70%,"A",IF(F94<=90%,"B","C")) -> A | H94: CILINDRO MESTRE DE EMBREAGEM | J94: HONDA | K94: =IFERROR(VLOOKUP(A94,'Pedido ESTHER'!$B:$C,2,0),"") | L94: =IF(N(K94)>0,"COMPRA","NÃO COMPRA") -> NÃO COMPRA
A95: SBC1046 | B95: CILINDRO MESTRE DE FREIO VW | C95: =VLOOKUP(A95,[2]Planilha1!$A:$B,2,0) -> #N/A | D95: =SUMIF([1]Relatório!$A$2:$A$2653,A95,[1]Relatório!$AK$2:$AK$2653) -> 1249 | E95: =D95/SUM($D$7:$D$1708) -> 0.0021351997 | F95: =SUM($E$7:E95) -> 0.40470838 | G95: =IF(F95<=70%,"A",IF(F95<=90%,"B","C")) -> A | H95: CILINDRO MESTRE DE FREIO | I95: 0986AB8616 (BOSCH) | 377611015A (OEM) | 6041 (ATE) | C2058 (CONTROIL) | RCCD00180 (TRW) | J95: VOLKSWAGEN | K95: =IFERROR(VLOOKUP(A95,'Pedido ESTHER'!$B:$C,2,0),"") | L95: =IF(N(K95)>0,"COMPRA","NÃO COMPRA") -> NÃO COMPRA
A96: SWC5002 | B96: CILINDRO DE RODA LE/LD FORD | C96: =VLOOKUP(A96,[2]Planilha1!$A:$B,2,0) -> #N/A | D96: =SUMIF([1]Relatório!$A$2:$A$2653,A96,[1]Relatório!$AK$2:$AK$2653) -> 1237 | E96: =D96/SUM($D$7:$D$1708) -> 0.0021146854 | F96: =SUM($E$7:E96) -> 0.40682307 | G96: =IF(F96<=70%,"A",IF(F96<=90%,"B","C")) -> A | H96: CILINDRO DE RODA | I96: 0986AB8497 (BOSCH) | 7684 (ATE) | 8V5Z2261A (OEM) | C3430 (CONTROIL) | E3B12261AA (OEM) | J96: FORD | K96: =IFERROR(VLOOKUP(A96,'Pedido ESTHER'!$B:$C,2,0),"") | L96: =IF(N(K96)>0,"COMPRA","NÃO COMPRA") -> NÃO COMPRA
A97: SBC1032 | B97: CILINDRO MESTRE DE FREIO GM | C97: =VLOOKUP(A97,[2]Planilha1!$A:$B,2,0) -> #N/A | D97: =SUMIF([1]Relatório!$A$2:$A$2653,A97,[1]Relatório!$AK$2:$AK$2653) -> 1236 | E97: =D97/SUM($D$7:$D$1708) -> 0.0021129758 | F97: =SUM($E$7:E97) -> 0.40893604 | G97: =IF(F97<=70%,"A",IF(F97<=90%,"B","C")) -> A | H97: CILINDRO MESTRE DE FREIO | I97: 6220 (ATE) | 93385740 (OEM) | C2092 (CONTROIL) | RCCD00970 (TRW) | J97: GM | K97: =IFERROR(VLOOKUP(A97,'Pedido ESTHER'!$B:$C,2,0),"") | L97: =IF(N(K97)>0,"COMPRA","NÃO COMPRA") -> NÃO COMPRA
A98: SSC3001 | B98: CILINDRO AUXILIAR DE EMBREAGEM VW | C98: =VLOOKUP(A98,[2]Planilha1!$A:$B,2,0) -> #N/A | D98: =SUMIF([1]Relatório!$A$2:$A$2653,A98,[1]Relatório!$AK$2:$AK$2653) -> 1236 | E98: =D98/SUM($D$7:$D$1708) -> 0.0021129758 | F98: =SUM($E$7:E98) -> 0.41104902 | G98: =IF(F98<=70%,"A",IF(F98<=90%,"B","C")) -> A | H98: CILINDRO AUXILIAR DE EMBREAGEM | I98: C2651 (CONTROIL) | KN1901749 (FTE) | RCCE01280 (TRW) | VKCH4748 (SKF) | J98: AUDI / VOLKSWAGEN | K98: =IFERROR(VLOOKUP(A98,'Pedido ESTHER'!$B:$C,2,0),"") | L98: =IF(N(K98)>0,"COMPRA","NÃO COMPRA") -> NÃO COMPRA
A99: SWC5020 | B99: CILINDRO DE RODA LE/LD RENAULT | C99: =VLOOKUP(A99,[2]Planilha1!$A:$B,2,0) -> #N/A | D99: =SUMIF([1]Relatório!$A$2:$A$2653,A99,[1]Relatório!$AK$2:$AK$2653) -> 1232 | E99: =D99/SUM($D$7:$D$1708) -> 0.0021061377 | F99: =SUM($E$7:E99) -> 0.41315515 | G99: =IF(F99<=70%,"A",IF(F99<=90%,"B","C")) -> A | H99: CILINDRO DE RODA | I99: C3567 (CONTROIL) | CCR92300 (FORTEC) | J99: RENAULT | K99: =IFERROR(VLOOKUP(A99,'Pedido ESTHER'!$B:$C,2,0),"") | L99: =IF(N(K99)>0,"COMPRA","NÃO COMPRA") -> NÃO COMPRA
A100: SCC2061 | B100: CILINDRO MESTRE DE EMBREAGEM NISSAN | C100: =VLOOKUP(A100,[2]Planilha1!$A:$B,2,0) -> #N/A | D100: =SUMIF([1]Relatório!$A$2:$A$2653,A100,[1]Relatório!$AK$2:$AK$2653) -> 1226 | E100: =D100/SUM($D$7:$D$1708) -> 0.0020958806 | F100: =SUM($E$7:E100) -> 0.41525104 | G100: =IF(F100<=70%,"A",IF(F100<=90%,"B","C")) -> A | H100: CILINDRO MESTRE DE EMBREAGEM | I100: 30610EA000 (OEM) | C2725 (CONTROIL) | J100: NISSAN | K100: =IFERROR(VLOOKUP(A100,'Pedido ESTHER'!$B:$C,2,0),"") | L100: =IF(N(K100)>0,"COMPRA","NÃO COMPRA") -> NÃO COMPRA
A101: SBC1126A | B101: CILINDRO MESTRE DE FREIO TOYOTA | C101: =VLOOKUP(A101,[2]Planilha1!$A:$B,2,0) -> #N/A | D101: =SUMIF([1]Relatório!$A$2:$A$2653,A101,[1]Relatório!$AK$2:$AK$2653) -> 1222 | E101: =D101/SUM($D$7:$D$1708) -> 0.0020890424 | F101: =SUM($E$7:E101) -> 0.41734008 | G101: =IF(F101<=70%,"A",IF(F101<=90%,"B","C")) -> A | H101: CILINDRO MESTRE DE FREIO | J101: TOYOTA | K101: =IFERROR(VLOOKUP(A101,'Pedido ESTHER'!$B:$C,2,0),"") | L101: =IF(N(K101)>0,"COMPRA","NÃO COMPRA") -> NÃO COMPRA
A102: SBS8002 | B102: SAPATA DE FREIO FORD | C102: =VLOOKUP(A102,[2]Planilha1!$A:$B,2,0) -> #N/A | D102: =SUMIF([1]Relatório!$A$2:$A$2653,A102,[1]Relatório!$AK$2:$AK$2653) -> 1212 | E102: =D102/SUM($D$7:$D$1708) -> 0.0020719472 | F102: =SUM($E$7:E102) -> 0.41941203 | G102: =IF(F102<=70%,"A",IF(F102<=90%,"B","C")) -> A | H102: SAPATA DE FREIO | I102: 203102 (SYL) | 2621CPA (COBREQ) | BPSA0090151 (MAZZICAR) | FD98CP (FRAS-LE) | HQJ501A (JURID) | J102: FORD | K102: =IFERROR(VLOOKUP(A102,'Pedido ESTHER'!$B:$C,2,0),"") | L102: =IF(N(K102)>0,"COMPRA","NÃO COMPRA") -> NÃO COMPRA
A103: SWC5007 | B103: CILINDRO DE RODA LE/LD CITROEN | C103: =VLOOKUP(A103,[2]Planilha1!$A:$B,2,0) -> #N/A | D103: =SUMIF([1]Relatório!$A$2:$A$2653,A103,[1]Relatório!$AK$2:$AK$2653) -> 1201 | E103: =D103/SUM($D$7:$D$1708) -> 0.0020531424 | F103: =SUM($E$7:E103) -> 0.42146517 | G103: =IF(F103<=70%,"A",IF(F103<=90%,"B","C")) -> A | H103: CILINDRO DE RODA | I103: 0986AB8655 (BOSCH) | 4402F9 (OEM) | 7718 (ATE) | C3538 (CONTROIL) | CCR92279 (FORTEC) | J103: CITROEN | K103: =IFERROR(VLOOKUP(A103,'Pedido ESTHER'!$B:$C,2,0),"") | L103: =IF(N(K103)>0,"COMPRA","NÃO COMPRA") -> NÃO COMPRA
...

Sheet Pedido ESTHER
A1: CÓDIGO (como veio no pedido) | B1: CÓDIGO (sem espaço) | C1: QUANTIDADE
A2: SBC 1011 | B2: =UPPER(SUBSTITUTE(TRIM(A2)," ","")) -> SBC1011 | C2: 4
A3: SBC 1117 | B3: =UPPER(SUBSTITUTE(TRIM(A3)," ","")) -> SBC1117 | C3: 6
A4: SBC 1124 | B4: =UPPER(SUBSTITUTE(TRIM(A4)," ","")) -> SBC1124 | C4: 6
A5: SBC 1147 | B5: =UPPER(SUBSTITUTE(TRIM(A5)," ","")) -> SBC1147 | C5: 4
A6: SBC 1148 | B6: =UPPER(SUBSTITUTE(TRIM(A6)," ","")) -> SBC1148 | C6: 6
A7: SBC 1149 | B7: =UPPER(SUBSTITUTE(TRIM(A7)," ","")) -> SBC1149 | C7: 6
A8: SBC 1188 | B8: =UPPER(SUBSTITUTE(TRIM(A8)," ","")) -> SBC1188 | C8: 8
A9: SCA 8053 FL | B9: =UPPER(SUBSTITUTE(TRIM(A9)," ","")) -> SCA8053FL | C9: 3
A10: SCA 8053 FR | B10: =UPPER(SUBSTITUTE(TRIM(A10)," ","")) -> SCA8053FR | C10: 3
A11: SCA 8060 FL | B11: =UPPER(SUBSTITUTE(TRIM(A11)," ","")) -> SCA8060FL | C11: 3
A12: SCA 8060 FR | B12: =UPPER(SUBSTITUTE(TRIM(A12)," ","")) -> SCA8060FR | C12: 3
A13: SCC 2010 | B13: =UPPER(SUBSTITUTE(TRIM(A13)," ","")) -> SCC2010 | C13: 8
... A26: SCC 2003 | B26: =UPPER(SUBSTITUTE(TRIM(A26)," ","")) -> SCC2003 | C26: 10
B27: =UPPER(SUBSTITUTE(TRIM(A27)," ",""))
B28: =UPPER(SUBSTITUTE(TRIM(A28)," ",""))
B29: =UPPER(SUBSTITUTE(TRIM(A29)," ",""))
B30: =UPPER(SUBSTITUTE(TRIM(A30)," ",""))
B31: =UPPER(SUBSTITUTE(TRIM(A31)," ",""))
B32: =UPPER(SUBSTITUTE(TRIM(A32)," ",""))
B33: =UPPER(SUBSTITUTE(TRIM(A33)," ",""))
B34: =UPPER(SUBSTITUTE(TRIM(A34)," ",""))
B35: =UPPER(SUBSTITUTE(TRIM(A35)," ",""))
B36: =UPPER(SUBSTITUTE(TRIM(A36)," ",""))
B37: =UPPER(SUBSTITUTE(TRIM(A37)," ",""))
B38: =UPPER(SUBSTITUTE(TRIM(A38)," ",""))
... B151: =UPPER(SUBSTITUTE(TRIM(A151)," ",""))
