Workbook
Name Slicer_moto: #N/A
Name Slicer_Curva: #N/A
Name Slicer_Família: #N/A
Name Slicer_Aplic: #N/A
Name Slicer_Montadora: #N/A

Sheet MATRIZ
A2: codigoProduto | C2: Produto | D2: APLICAÇÃO | E2: FAMÍLIA | F2: MONTADORA | G2: CURVA EMPROL PA | H2: CROSS | J2: MOTOR | K2: VALOR LIQ. | L2: QTD PEDIDO | M2: COMPRA / NÃO COMPRA
A3: codigoProduto | B3: Coluna1 | C3: Produto | D3: APLICAÇÃO | E3: FAMÍLIA | F3: MONTADORA | G3: CURVA | H3: CROSS | I3: Coluna3 | J3: MOTOR | K3: Coluna2 | L3: QTD PEDIDO | M3: COMPRA / NÃO COMPRA
A4: 581450101 | C4: ANEL PISTÃO VW GOL/FOX 1.6 8V EA111 STD (LL) | D4: LEVE | E4: ANEL DE PISTAO | F4: VOLKSWAGEN | G4: A | H4: 2C5294 (HASTINGS) A0700589 (MAHLE) A530 (SINTECH) TA8126 (METAL LEVE) | J4: 4 CILINDROS | L4: =IFERROR(VLOOKUP(A4,PEDIDO!$B:$C,2,0),"") | M4: =IF(N(L4)>0,"COMPRA","NÃO COMPRA") -> NÃO COMPRA
A5: 580050701 | C5: ANEL PISTÃO FIAT UNO 1.0 8V/16V FIRE STD (LL) | D5: LEVE | E5: ANEL DE PISTAO | F5: FIAT | G5: A | H5: 2C5051 (HASTINGS) 800051340 (KS) A240 (SINTECH) A25910 (MAHLE) A25919 (SPA MAHLE) ASFI10A-STD (TAKAO) EMA7611 (CENTRINEL) STA7508 (MAHLE) STD7508 (SPA METAL LEVE) TD7508 (METAL LEVE) | J5: 4 CILINDROS | L5: =IFERROR(VLOOKUP(A5,PEDIDO!$B:$C,2,0),"") | M5: =IF(N(L5)>0,"COMPRA","NÃO COMPRA") -> NÃO COMPRA
A6: 581430101 | C6: ANEL PISTÃO VW GOL/FOX 1.0 8V EA111 STD (LL) | D6: LEVE | E6: ANEL DE PISTAO | F6: VOLKSWAGEN | G6: A | H6: 2C5207 (REF.) A540 (REF.) A70650 (REF.) TA8566 (REF.) | J6: 4 CILINDROS | L6: =IFERROR(VLOOKUP(A6,PEDIDO!$B:$C,2,0),"") | M6: =IF(N(L6)>0,"COMPRA","NÃO COMPRA") -> NÃO COMPRA
A7: 581110701 | C7: ANEL PISTÃO FIAT PALIO 1.4 FIRE FLEX STD (LL) | D7: LEVE | E7: ANEL DE PISTAO | F7: FIAT | G7: A | H7: 2C5266 (HASTINGS) 800065040 (KS) A25140 (MAHLE) A260 (SINTECH) ASFI14-STD (TAKAO) EMA7615 (CENTRINEL) TT8330 (METAL LEVE) | J7: 4 CILINDROS | L7: =IFERROR(VLOOKUP(A7,PEDIDO!$B:$C,2,0),"") | M7: =IF(N(L7)>0,"COMPRA","NÃO COMPRA") -> NÃO COMPRA
A8: 580310101 | C8: ANEL PISTÃO VW GOL 1.0 8/16V AT/EA111 STD (LL) | D8: LEVE | E8: ANEL DE PISTAO | F8: VOLKSWAGEN | G8: A | H8: 2C4808 (HASTINGS) 70500 (MAHLE) 800053741000 (KS) A500 (SINTECH) A70560 (MAHLE) ASVW10A-STD (TAKAO) EMA7813 (CENTRINEL) TA7251/7224 (METAL LEVE) | J8: 4 CILINDROS | L8: =IFERROR(VLOOKUP(A8,PEDIDO!$B:$C,2,0),"") | M8: =IF(N(L8)>0,"COMPRA","NÃO COMPRA") -> NÃO COMPRA
A9: 581070301 | C9: ANEL PISTÃO FORD FIESTA 1.0 8V ZETECFLEX STD (LL) | D9: LEVE | E9: ANEL DE PISTAO | F9: FORD | G9: A | H9: 2C5205 (HASTINGS) 800064440 (KS) A450 (SINTECH) A59870 (MAHLE) ASFO10A-STD (TAKAO) EMA7717 (CENTRINEL) TA7453 (METAL LEVE) | J9: 4 CILINDROS | L9: =IFERROR(VLOOKUP(A9,PEDIDO!$B:$C,2,0),"") | M9: =IF(N(L9)>0,"COMPRA","NÃO COMPRA") -> NÃO COMPRA
A10: 580570401 | C10: ANEL PISTÃO GM CORSA 1.0 8V EFI STD (LL) | D10: LEVE | E10: ANEL DE PISTAO | F10: CHEVROLET | G10: A | H10: 2C4517 (HASTINGS) 93221881 (KS) A14140 (MAHLE) A14149 (SPA MAHLE) A145 (SINTECH) ASGM10-STD (TAKAO) DA7092 (METAL LEVE) PNA7518 (CENTRINEL) SDA7092 (SPA METAL LEVE) | J10: 4 CILINDROS | L10: =IFERROR(VLOOKUP(A10,PEDIDO!$B:$C,2,0),"") | M10: =IF(N(L10)>0,"COMPRA","NÃO COMPRA") -> NÃO COMPRA
A11: 580315101 | C11: ANEL PISTÃO VW GOL 1.0 8/16V AT/EA111 +050 (LL) | D11: LEVE | E11: ANEL DE PISTAO | F11: VOLKSWAGEN | G11: A | H11: 2C4808020 (HASTINGS) 70500 (MAHLE) 800053741050 (KS) A500 (SINTECH) A70560 (MAHLE) ASVW10A-050 (TAKAO) EMA7813 (CENTRINEL) TA7251/7224 (METAL LEVE) | J11: 4 CILINDROS | L11: =IFERROR(VLOOKUP(A11,PEDIDO!$B:$C,2,0),"") | M11: =IF(N(L11)>0,"COMPRA","NÃO COMPRA") -> NÃO COMPRA
A12: 580054701 | C12: ANEL PISTÃO FIAT UNO 1.0 8V/16V FIRE +040 (LL) | D12: LEVE | E12: ANEL DE PISTAO | F12: FIAT | G12: A | H12: 2C5051016 (HASTINGS) 800051340 (KS) A240 (SINTECH) A25910 (MAHLE) A25919 (SPA MAHLE) ASFI10A-040 (TAKAO) EMA7611 (CENTRINEL) STA7508 (MAHLE) STD7508 (SPA METAL LEVE) TD7508 (METAL LEVE) | J12: 4 CILINDROS | L12: =IFERROR(VLOOKUP(A12,PEDIDO!$B:$C,2,0),"") | M12: =IF(N(L12)>0,"COMPRA","NÃO COMPRA") -> NÃO COMPRA
A13: 580380101 | C13: ANEL PISTÃO VW SANTANA/APOLO 16/18 AP STD (LL) | D13: LEVE | E13: ANEL DE PISTAO | F13: VOLKSWAGEN | G13: A | H13: 2C4341 (HASTINGS) 800001043 (KS) A580 (SINTECH) A70680 (MAHLE) A70689 (SPA MAHLE) ASVW18A-STD (TAKAO) DA6563 (METAL LEVE) PNA7710 (CENTRINEL) SNA6563 (SPA METAL LEVE) | J13: 4 CILINDROS | L13: =IFERROR(VLOOKUP(A13,PEDIDO!$B:$C,2,0),"") | M13: =IF(N(L13)>0,"COMPRA","NÃO COMPRA") -> NÃO COMPRA
A14: 580610401 | C14: ANEL PISTÃO FIAT PALIO/MERIVA 18 8/16V STD (LL) | D14: LEVE | E14: ANEL DE PISTAO | F14: CHEVROLET | G14: A | H14: 2C5185 (HASTINGS) 800038940 (KS) 93294731 (ORIG.) A14195 (MAHLE) A175 (SINTECH) EMA7613 (CENTRINEL) TA7268 (METAL LEVE) | J14: 4 CILINDROS | L14: =IFERROR(VLOOKUP(A14,PEDIDO!$B:$C,2,0),"") | M14: =IF(N(L14)>0,"COMPRA","NÃO COMPRA") -> NÃO COMPRA
A15: 580030701 | C15: ANEL PISTÃO FIAT PALIO 1.0/1.5 FIASA STD (LL) | D15: LEVE | E15: ANEL DE PISTAO | F15: FIAT | G15: A | H15: 2C4932 (HASTINGS) 800061741 (KS) A250 (SINTECH) A25010 (MAHLE) A25019 (SPA MAHLE) ASFI10-STD (TAKAO) DD6983 (METAL LEVE) DD7390 (METAL LEVE) DD7391 (METAL LEVE) PNA7603 (CENTRINEL) SDD6983 (SPA METAL LEVE) SNA7390 (SPA METAL LEVE) | J15: 4 CILINDROS | L15: =IFERROR(VLOOKUP(A15,PEDIDO!$B:$C,2,0),"") | M15: =IF(N(L15)>0,"COMPRA","NÃO COMPRA") -> NÃO COMPRA
... A129: 583070101 | C129: ANEL PISTÃO EA211 MSI 1.6 16V DOHC L4 FLEX STD | D129: LEVE | E129: ANEL DE PISTAO | F129: VOLKSWAGEN | G129: C | H129: 2C5438 (HASTINGS) A0701030 (MAHLE) A535 (SINTECH) TS.9037 (METAL LEVE) | J129: 4 CILINDROS | L129: =IFERROR(VLOOKUP(A129,PEDIDO!$B:$C,2,0),"") | M129: =IF(N(L129)>0,"COMPRA","NÃO COMPRA") -> NÃO COMPRA
A130: 583674701 | C130: ANEL PISTÃO FIREFLY 1.3 8V L4 FLEX - +0,4 | D130: LEVE | E130: ANEL DE PISTAO | F130: FIAT | G130: C | H130: #N/A | J130: 4 CILINDROS | L130: =IFERROR(VLOOKUP(A130,PEDIDO!$B:$C,2,0),"") | M130: =IF(N(L130)>0,"COMPRA","NÃO COMPRA") -> NÃO COMPRA
A131: 580409101 | C131: ANEL PISTÃO VW GOL/PARATI 16/18 AP MI +100 (LL) | D131: LEVE | E131: ANEL DE PISTAO | F131: VOLKSWAGEN | G131: C | H131: 2C5095040 (HASTINGS) A510 (SINTECH) A70810 (MAHLE) A70819 (SPA MAHLE) ASVW18B-100 (TAKAO) EMA7814 (CENTRINEL) STA7215 (SPA METAL LEVE) TA7215 (METAL LEVE) | J131: 4 CILINDROS | L131: =IFERROR(VLOOKUP(A131,PEDIDO!$B:$C,2,0),"") | M131: =IF(N(L131)>0,"COMPRA","NÃO COMPRA") -> NÃO COMPRA
A132: 582375101 | C132: ANEL PISTÃO EA211 MPI 1.0 L 12V L3 (13-) +0,5 | D132: LEVE | E132: ANEL DE PISTAO | F132: VOLKSWAGEN | G132: C | H132: 2N5672 (HASTINGS) A0701020 (MAHLE) A515 (SINTECH) TS.9032 (METAL LEVE) | J132: 3 CILINDROS | L132: =IFERROR(VLOOKUP(A132,PEDIDO!$B:$C,2,0),"") | M132: =IF(N(L132)>0,"COMPRA","NÃO COMPRA") -> NÃO COMPRA
A133: 582870401 | C133: ANEL DE PISTAO SPE/4 1.0 L 8V SOHC L4 FLEX STD | D133: LEVE | E133: ANEL DE PISTAO | F133: CHEVROLET | G133: C | H133: 98500210 (CHEVROLET) | J133: 4 CILINDROS | L133: =IFERROR(VLOOKUP(A133,PEDIDO!$B:$C,2,0),"") | M133: =IF(N(L133)>0,"COMPRA","NÃO COMPRA") -> NÃO COMPRA
A134: 583085101 | C134: ANEL PISTÃO VW 1.6 8V - EA111 VW 1.4 050 | D134: LEVE | E134: ANEL DE PISTAO | F134: VOLKSWAGEN | G134: C | H134: 2C5177020 (HASTINGS) 800026140 (KS) A0700589 (MAHLE) A530 (SINTECH) A70580 (MAHLE) STA8126 (METAL LEVE) TA.8126 (METAL LEVE) | J134: 4 CILINDROS | L134: =IFERROR(VLOOKUP(A134,PEDIDO!$B:$C,2,0),"") | M134: =IF(N(L134)>0,"COMPRA","NÃO COMPRA") -> NÃO COMPRA
A135: 581089401 | C135: ANEL PISTÃO GM CELTA/CORSA 1.4 8V +100 (LL) | D135: LEVE | E135: ANEL DE PISTAO | F135: CHEVROLET | G135: C | H135: 2C4812040 (HASTINGS) 800020541 (KS) 93227616 (ORIG.) A14530 (MAHLE) A14539 (SPA MAHLE) A14840 (MAHLE) A170 0,50 (SINTECH) ASGM14-100 (TAKAO) DA7093 (METAL LEVE) DA8405 (METAL LEVE) PNA7519 (CENTRINEL) SNA7093 (SPA METAL LEVE) | J135: 4 CILINDROS | L135: =IFERROR(VLOOKUP(A135,PEDIDO!$B:$C,2,0),"") | M135: =IF(N(L135)>0,"COMPRA","NÃO COMPRA") -> NÃO COMPRA
A136: 582935641 | C136: ANEL PISTÃO KAPPA 1.0 12V L3 DOHC FLEX 050 | D136: LEVE | E136: ANEL DE PISTAO | F136: HYUNDAI | G136: C | H136: 2C408650 (HASTINGS) 800141330 (KS) A2080610 (MAHLE) A310 (SINTECH) AR.9072 (METAL LEVE) | J136: 3 CILINDROS | L136: =IFERROR(VLOOKUP(A136,PEDIDO!$B:$C,2,0),"") | M136: =IF(N(L136)>0,"COMPRA","NÃO COMPRA") -> NÃO COMPRA
A137: 582920451 | C137: ANEL PISTÃO D17Z 1.7 L 16V SOHC L4 GASOLINA STD | D137: LEVE | E137: ANEL DE PISTAO | F137: HONDA | G137: C | H137: 2C5111 (HASTINGS) A51280 (MAHLE) A770 (SINTECH) AA.8451 (METAL LEVE) | J137: 4 CILINDROS | L137: =IFERROR(VLOOKUP(A137,PEDIDO!$B:$C,2,0),"") | M137: =IF(N(L137)>0,"COMPRA","NÃO COMPRA") -> NÃO COMPRA
A138: 582455071 | C138: ANEL PISTÃO NISSAN MARCH, VERSA 1.6 16V 050 | D138: LEVE | E138: ANEL DE PISTAO | F138: NISSAN | G138: C | H138: 2C4439020 (HASTINGS) A0030620 (MAHLE) PR.9052 (METAL LEVE) | J138: 4 CILINDROS | L138: =IFERROR(VLOOKUP(A138,PEDIDO!$B:$C,2,0),"") | M138: =IF(N(L138)>0,"COMPRA","NÃO COMPRA") -> NÃO COMPRA
A139: 583670701 | C139: ANEL PISTÃO FIREFLY 1.3 8V L4 FLEX - STD | D139: LEVE | E139: ANEL DE PISTAO | F139: FIAT | G139: C | H139: #N/A | J139: 4 CILINDROS | L139: =IFERROR(VLOOKUP(A139,PEDIDO!$B:$C,2,0),"") | M139: =IF(N(L139)>0,"COMPRA","NÃO COMPRA") -> NÃO COMPRA
A140: 581485101 | C140: ANEL PISTÃO VW AMAROK 2.0 16V TURBO 0,50 ³ | D140: UTILITÁRIO | E140: ANEL DE PISTAO | F140: VOLKSWAGEN | G140: C | H140: 2D7255 (HASTINGS) A0701010 (MAHLE) DC9006 (METAL LEVE) | J140: 4 CILINDROS | L140: =IFERROR(VLOOKUP(A140,PEDIDO!$B:$C,2,0),"") | M140: =IF(N(L140)>0,"COMPRA","NÃO COMPRA") -> NÃO COMPRA
A141: 582460141 | C141: ANEL PISTÃO 106/206/307/C3 1.6 16V STD | D141: LEVE | E141: ANEL DE PISTAO | F141: PEUGEOT / CITROEN | G141: C | H141: 2C9369 (HASTINGS) 800101340 (KS) A44500 (MAHLE) A640 (SINTECH) LDS.8108 (METAL LEVE) | J141: 4 CILINDROS | L141: =IFERROR(VLOOKUP(A141,PEDIDO!$B:$C,2,0),"") | M141: =IF(N(L141)>0,"COMPRA","NÃO COMPRA") -> NÃO COMPRA
A142: 582885401 | C142: ANEL PISTÃO GM ONIX / PRISMA 1.4 8V FLEX 050 | D142: LEVE | E142: ANEL DE PISTAO | F142: CHEVROLET | G142: C | H142: 2C4354 (HASTINGS) A0141150 (MAHLE) A0142050 (MAHLE) A155 (SINTECH) TA.9021 (METAL LEVE) | J142: 4 CILINDROS | L142: =IFERROR(VLOOKUP(A142,PEDIDO!$B:$C,2,0),"") | M142: =IF(N(L142)>0,"COMPRA","NÃO COMPRA") -> NÃO COMPRA
A143: 583200201 | C143: ANEL DE PISTÃO MERCEDES OM447 LA / OM449 A / OM449 LA | D143: PESADO | E143: ANEL DE PISTAO | F143: MERCEDES BENZ | G143: C | H143: 13012801-00 (POWER SEAL) 2D7096 (HASTINGS) 800019510000 (KS) A4220300024 (ORIG.) A4220300124 (ORIG.) A48930 (MAHLE) GC.6926 (METAL LEVE) | J143: 5 / 6 CILINDROS | L143: =IFERROR(VLOOKUP(A143,PEDIDO!$B:$C,2,0),"") | M143: =IF(N(L143)>0,"COMPRA","NÃO COMPRA") -> NÃO COMPRA
A144: 583120901 | C144: ANEL DE PISTÃO SCANIA DC11/12/16/ DS12 / DSC11/1 | D144: PESADO | E144: ANEL DE PISTAO | F144: SCANIA | G144: C | H144: A76680 (MAHLE) | J144: 4 CILINDROS | L144: =IFERROR(VLOOKUP(A144,PEDIDO!$B:$C,2,0),"") | M144: =IF(N(L144)>0,"COMPRA","NÃO COMPRA") -> NÃO COMPRA
A145: 583560201 | C145: ANEL E PISTÃO MERCEDES OM924 LA / OM926 LA - EURO | D145: PESADO | E145: ANEL DE PISTAO | F145: MERCEDES BENZ | G145: C | H145: A0481040 (MAHLE) | J145: 4 / 6 CILINDROS | L145: =IFERROR(VLOOKUP(A145,PEDIDO!$B:$C,2,0),"") | M145: =IF(N(L145)>0,"COMPRA","NÃO COMPRA") -> NÃO COMPRA
A146: 580785101 | C146: ANEL PISTÃO VW GOL 1.6 8V +050 (LL) | D146: LEVE | E146: ANEL DE PISTAO | F146: VOLKSWAGEN | G146: C | H146: 4490020 (HASTINGS) 800000946 (KS) A70670 (MAHLE) A70679 (SPA MAHLE) ASVW16E-050 (TAKAO) DA6075 (METAL LEVE) PNA7809 (CENTRINEL) SNA6075 (SPA METAL LEVE) | J146: 4 CILINDROS | L146: =IFERROR(VLOOKUP(A146,PEDIDO!$B:$C,2,0),"") | M146: =IF(N(L146)>0,"COMPRA","NÃO COMPRA") -> NÃO COMPRA
A147: 580360101 | C147: ANEL PISTÃO VW FUSCA/KOMBI 1.6 (AR) STD (LL) | D147: LEVE | E147: ANEL DE PISTAO | F147: VOLKSWAGEN | G147: C | H147: 2C4841 (HASTINGS) 800026742 (KS) A70152 (MAHLE) A70153 (MAHLE) A70159 (SPA MAHLE) ASVW16-STD (TAKAO) CA2297 (METAL LEVE) NA2297 (METAL LEVE) PMA7811 (CENTRINEL) SNA2297 (SPA METAL LEVE) | J147: 4 CILINDROS | L147: =IFERROR(VLOOKUP(A147,PEDIDO!$B:$C,2,0),"") | M147: =IF(N(L147)>0,"COMPRA","NÃO COMPRA") -> NÃO COMPRA
A148: 583460201 | C148: ANEL DE PISTÃO MERCEDES OM924 LA / OM926 LA | D148: PESADO | E148: ANEL DE PISTAO | F148: MERCEDES BENZ | G148: C | H148: A48690 (MAHLE) | J148: 4 / 6 CILINDROS | L148: =IFERROR(VLOOKUP(A148,PEDIDO!$B:$C,2,0),"") | M148: =IF(N(L148)>0,"COMPRA","NÃO COMPRA") -> NÃO COMPRA
A149: 583550801 | C149: ANEL DE PISTÃO MWM 4.10 / 6.10 | D149: PESADO | E149: ANEL DE PISTAO | F149: MWM | G149: C | H149: A13900 (MAHLE) | L149: =IFERROR(VLOOKUP(A149,PEDIDO!$B:$C,2,0),"") | M149: =IF(N(L149)>0,"COMPRA","NÃO COMPRA") -> NÃO COMPRA
A150: 583510801 | C150: ANEL DE ISTÃO MWM D229 / TD229 / TD229-EC | D150: PESADO | E150: ANEL DE PISTAO | F150: MWM | G150: C | H150: A13850 (MAHLE) | J150: 6 CILINDROS | L150: =IFERROR(VLOOKUP(A150,PEDIDO!$B:$C,2,0),"") | M150: =IF(N(L150)>0,"COMPRA","NÃO COMPRA") -> NÃO COMPRA
A151: 583400701 | C151: ANEL DE PISTÃO IVECO CURSOR 13 / EURO 3 | D151: PESADO | E151: ANEL DE PISTAO | F151: FIAT | G151: C | H151: A01210 (MAHLE) | J151: 6 CILINDROS | L151: =IFERROR(VLOOKUP(A151,PEDIDO!$B:$C,2,0),"") | M151: =IF(N(L151)>0,"COMPRA","NÃO COMPRA") -> NÃO COMPRA
A152: 581395101 | C152: ANEL PISTÃO PEUGEOT 206/C3 1.4 8V +050 (LL) | D152: LEVE | E152: ANEL DE PISTAO | F152: PEUGEOT / CITROEN | G152: C | H152: 2C5021020 (HASTINGS) A44060 (MAHLE) A620 050 (SINTECH) CMA8724 (CENTRINEL) DA8411 (METAL LEVE) | J152: 4 CILINDROS | L152: =IFERROR(VLOOKUP(A152,PEDIDO!$B:$C,2,0),"") | M152: =IF(N(L152)>0,"COMPRA","NÃO COMPRA") -> NÃO COMPRA
A153: 582535641 | C153: ANEL PISTÃO TUCSON / I30 MOTOR G4GF 2.0 16V 050 | D153: LEVE | E153: ANEL DE PISTAO | F153: KIA MOTORS | G153: C | H153: 2C5825020 (HASTINGS) A208150 (MAHLE) A300 (SINTECH) AA.8812 (METAL LEVE) | J153: 4 CILINDROS | L153: =IFERROR(VLOOKUP(A153,PEDIDO!$B:$C,2,0),"") | M153: =IF(N(L153)>0,"COMPRA","NÃO COMPRA") -> NÃO COMPRA
A154: 583300691 | C154: ANEL PISTÃO PERKINS 1104C ASPIRADO | D154: PESADO | E154: ANEL DE PISTAO | F154: PERKINS | G154: C | H154: 18510502-00 (POWER SEAL) 3136L031 (ORIG.) 3136L035 (ORIG.) 3137L045 (ORIG.) 4115P511 (ORIG.) 4115P521 (ORIG.) 800078810000 (KS) A0571010 (MAHLE) LC.8768 (METAL LEVE) | L154: =IFERROR(VLOOKUP(A154,PEDIDO!$B:$C,2,0),"") | M154: =IF(N(L154)>0,"COMPRA","NÃO COMPRA") -> NÃO COMPRA
A155: 545090701 | C155: VALVULA ESCAPE IVECO DAILY F1C 28/30 L | D155: UTILITÁRIO | E155: VALVULAS DE MOTOR | F155: FIAT | G155: B | H155: 4247 - EC (3B) 5040810621 (ORIG.) VE0011468 (MAHLE) | J155: 4 CILINDROS | L155: =IFERROR(VLOOKUP(A155,PEDIDO!$B:$C,2,0),"") | M155: =IF(N(L155)>0,"COMPRA","NÃO COMPRA") -> NÃO COMPRA
A156: 580120401 | C156: ANEL PISTÃO GM MONZA 1.8 ALC/GAS STD (LL) | D156: LEVE | E156: ANEL DE PISTAO | F156: CHEVROLET | G156: C | H156: 4848 (HASTINGS) 800061140 (KS) A14210 (MAHLE) A14219 (SPA MAHLE) ASGM18 (TAKAO) DA6406 (METAL LEVE) PNA7508 (CENTRINEL) SDA6406 (SPA METAL LEVE) | J156: 4 CILINDROS | L156: =IFERROR(VLOOKUP(A156,PEDIDO!$B:$C,2,0),"") | M156: =IF(N(L156)>0,"COMPRA","NÃO COMPRA") -> NÃO COMPRA
A157: 583075101 | C157: ANEL PISTÃO EA211 MSI 1.6 16V DOHC L4 FLEX 050 | D157: LEVE | E157: ANEL DE PISTAO | F157: VOLKSWAGEN | G157: C | H157: 2C543850 (HASTINGS) A0701030 (MAHLE) A535 (SINTECH) TS.9037 (METAL LEVE) | J157: 4 CILINDROS | L157: =IFERROR(VLOOKUP(A157,PEDIDO!$B:$C,2,0),"") | M157: =IF(N(L157)>0,"COMPRA","NÃO COMPRA") -> NÃO COMPRA
A158: 582610641 | C158: ANEL PISTÃO KIA HYUNDAI SONATA 2.4L 16V STD | D158: LEVE | E158: ANEL DE PISTAO | F158: KIA MOTORS | G158: C | H158: 2C5297 (HASTINGS) | J158: 4 CILINDROS | L158: =IFERROR(VLOOKUP(A158,PEDIDO!$B:$C,2,0),"") | M158: =IF(N(L158)>0,"COMPRA","NÃO COMPRA") -> NÃO COMPRA
A159: 582756701 | C159: ANEL DE PISTAO FIRE EVO 1.0 8V SOHC L4 FLEX 0,60 | D159: LEVE | E159: ANEL DE PISTAO | F159: FIAT | G159: C | H159: A0251010 (MAHLE) A0251019 (MAHLE) | J159: 4 CILINDROS | L159: =IFERROR(VLOOKUP(A159,PEDIDO!$B:$C,2,0),"") | M159: =IF(N(L159)>0,"COMPRA","NÃO COMPRA") -> NÃO COMPRA
A160: 582855401 | C160: ANEL DE PISTAO GM CORSA 1.0 8V FLEX 0,50 | D160: LEVE | E160: ANEL DE PISTAO | F160: CHEVROLET | G160: C | H160: 0 | J160: 4 CILINDROS | L160: =IFERROR(VLOOKUP(A160,PEDIDO!$B:$C,2,0),"") | M160: =IF(N(L160)>0,"COMPRA","NÃO COMPRA") -> NÃO COMPRA
A161: 581300141 | C161: ANEL PISTÃO PEUGEOT 307 2.0 16V STD (LL) | D161: LEVE | E161: ANEL DE PISTAO | F161: PEUGEOT / CITROEN | G161: C | H161: 2C4106 (HASTINGS) 800068340 (KS) A630 (SINTECH) A66310 (MAHLE) ASPG22-STD (TAKAO) GA8412 (METAL LEVE) | J161: 4 CILINDROS | L161: =IFERROR(VLOOKUP(A161,PEDIDO!$B:$C,2,0),"") | M161: =IF(N(L161)>0,"COMPRA","NÃO COMPRA") -> NÃO COMPRA
A162: 545080701 | C162: VALVULA ADMISSAO IVECO DAILY F1C 28/30 L | D162: UTILITÁRIO | E162: VALVULAS DE MOTOR | F162: FIAT | G162: B | H162: 4246 - AC (3B) 5040725311 (ORIG.) VA0011467 (MAHLE) | J162: 4 CILINDROS | L162: =IFERROR(VLOOKUP(A162,PEDIDO!$B:$C,2,0),"") | M162: =IF(N(L162)>0,"COMPRA","NÃO COMPRA") -> NÃO COMPRA
A163: 580080301 | C163: ANEL PISTÃO FORD FIESTA/KA HCS 1.0L GAS STD (LL) | D163: LEVE | E163: ANEL DE PISTAO | F163: FORD | G163: C | H163: 2C4856 (HASTINGS) 800035040 (KS) A400 (SINTECH) A59500 (MAHLE) A59509 (SPA MAHLE) ASFO10-STD (TAKAO) LN7242 (METAL LEVE) PSA8788 (CENTRINEL) SLN7242 (SPA METAL LEVE) | J163: 4 CILINDROS | L163: =IFERROR(VLOOKUP(A163,PEDIDO!$B:$C,2,0),"") | M163: =IF(N(L163)>0,"COMPRA","NÃO COMPRA") -> NÃO COMPRA
A164: 582875401 | C164: ANEL DE PISTAO SPE/4 1.0 L 8V SOHC L4 FLEX +0,50 | D164: LEVE | E164: ANEL DE PISTAO | F164: CHEVROLET | G164: C | H164: 98500211 (CHEVROLET) | J164: 4 CILINDROS | L164: =IFERROR(VLOOKUP(A164,PEDIDO!$B:$C,2,0),"") | M164: =IF(N(L164)>0,"COMPRA","NÃO COMPRA") -> NÃO COMPRA
A165: 582420301 | C165: ANEL PISTÃO FORD CHT ATE 1986 BELINA II / PAMPA STD | D165: LEVE | E165: ANEL DE PISTAO | F165: FORD | G165: C | H165: 2C4843 (HASTINGS) 800060140 (KS) A460 (SINTECH) A59100 (MAHLE) A59109 (MAHLE) DA.2506 (METAL LEVE) SNA2506 (METAL LEVE) | J165: 4 CILINDROS | L165: =IFERROR(VLOOKUP(A165,PEDIDO!$B:$C,2,0),"") | M165: =IF(N(L165)>0,"COMPRA","NÃO COMPRA") -> NÃO COMPRA
A166: 582529401 | C166: ANEL PISTÃO GM CHEVETE 1.6L APOS 1987 100 | D166: LEVE | E166: ANEL DE PISTAO | F166: CHEVROLET | G166: C | H166: 2C4801 (HASTINGS) 800062240 (KS) A14110 (MAHLE) A14112 (MAHLE) A14119 (MAHLE) A195 (SINTECH) DA.6689 (METAL LEVE) NA.6689 (METAL LEVE) SNA6689 (METAL LEVE) | J166: 4 CILINDROS | L166: =IFERROR(VLOOKUP(A166,PEDIDO!$B:$C,2,0),"") | M166: =IF(N(L166)>0,"COMPRA","NÃO COMPRA") -> NÃO COMPRA
A167: 581359101 | C167: ANEL PISTÃO VW GOL 2.0 8/16V AP MI 97... +100 (LL) | D167: LEVE | E167: ANEL DE PISTAO | F167: VOLKSWAGEN | G167: C | H167: 2C4639040 (HASTINGS) 800064140 (KS) A520 1,00 (SINTECH) A70340 (MAHLE) A70820 (MAHLE) EMA7815 (CENTRINEL) LL7029 (METAL LEVE) TA7216 (METAL LEVE) | J167: 4 CILINDROS | L167: =IFERROR(VLOOKUP(A167,PEDIDO!$B:$C,2,0),"") | M167: =IF(N(L167)>0,"COMPRA","NÃO COMPRA") -> NÃO COMPRA
A168: 582835301 | C168: ANEL PISTÃO CHT 1.6 8V L4 SOHC 050 | D168: LEVE | E168: ANEL DE PISTAO | F168: FORD | G168: C | H168: 2C4977020 (HASTINGS) 800060040 (KS) A410 (SINTECH) A59320 (MAHLE) A59322 (MAHLE) A59329 (MAHLE) DA.6973 (METAL LEVE) NA.6973 (METAL LEVE) SNA6973 (METAL LEVE) | J168: 4 CILINDROS | L168: =IFERROR(VLOOKUP(A168,PEDIDO!$B:$C,2,0),"") | M168: =IF(N(L168)>0,"COMPRA","NÃO COMPRA") -> NÃO COMPRA
A169: 581389981 | C169: ANEL PISTÃO TOYOTA COROLLA 1.6/1.8 16V +100 (LL) | D169: LEVE | E169: ANEL DE PISTAO | F169: TOYOTA | G169: C | H169: 2C4947040 (HASTINGS) A63260 (MAHLE) ASTO18-100 (TAKAO) EMA9166 (CENTRINEL) TA7571 (METAL LEVE) | J169: 4 CILINDROS | L169: =IFERROR(VLOOKUP(A169,PEDIDO!$B:$C,2,0),"") | M169: =IF(N(L169)>0,"COMPRA","NÃO COMPRA") -> NÃO COMPRA
A170: 583090401 | C170: ANEL PISTÃO GM CHEVETE 1.6L (83-87) STD | D170: LEVE | E170: ANEL DE PISTAO | F170: CHEVROLET | G170: C | H170: 2M4802 (HASTINGS) 800061041 (KS) A14070 (MAHLE) A14072 (MAHLE) A14079 (MAHLE) A190 (SINTECH) DA.6404 (METAL LEVE) NA.6404 (METAL LEVE) SNA6404 (METAL LEVE) | J170: 4 CILINDROS | L170: =IFERROR(VLOOKUP(A170,PEDIDO!$B:$C,2,0),"") | M170: =IF(N(L170)>0,"COMPRA","NÃO COMPRA") -> NÃO COMPRA
A171: 583095401 | C171: ANEL PISTÃO GM CHEVETE 1.6L (83-87) 050 | D171: LEVE | E171: ANEL DE PISTAO | F171: CHEVROLET | G171: C | H171: 2M4802020 (HASTINGS) 800061041 (KS) A14070 (MAHLE) A14072 (MAHLE) A14079 (MAHLE) A190 (SINTECH) DA.6404 (METAL LEVE) NA.6404 (METAL LEVE) SNA6404 (METAL LEVE) | J171: 4 CILINDROS | L171: =IFERROR(VLOOKUP(A171,PEDIDO!$B:$C,2,0),"") | M171: =IF(N(L171)>0,"COMPRA","NÃO COMPRA") -> NÃO COMPRA
A172: 582575311 | C172: ANEL PISTÃO RENAULT FLUENCE 2.0 16V (M4R) 050 | D172: LEVE | E172: ANEL DE PISTAO | F172: RENAULT | G172: C | H172: 2C5223020 (HASTINGS) A0030500 (MAHLE) A0180740 (MAHLE) AA.9130 (METAL LEVE) PR.9097 (METAL LEVE) | J172: 4 CILINDROS | L172: =IFERROR(VLOOKUP(A172,PEDIDO!$B:$C,2,0),"") | M172: =IF(N(L172)>0,"COMPRA","NÃO COMPRA") -> NÃO COMPRA
A173: 583099401 | C173: ANEL DE PISTÃO GM CHEVETE 1.6L (83-87) 100 | D173: LEVE | E173: ANEL DE PISTAO | F173: CHEVROLET | G173: C | H173: 0 | J173: 4 CILINDROS | L173: =IFERROR(VLOOKUP(A173,PEDIDO!$B:$C,2,0),"") | M173: =IF(N(L173)>0,"COMPRA","NÃO COMPRA") -> NÃO COMPRA
A174: 582630071 | C174: ANEL PISTÃO FRONTIER 2.5L TURBO DIESEL 16V STD | D174: UTILITÁRIO | E174: ANEL DE PISTAO | F174: NISSAN | G174: C | H174: 2D7531 (HASTINGS) A0030640 (MAHLE) A920 (SINTECH) PH.9086 (METAL LEVE) | J174: 4 CILINDROS | L174: =IFERROR(VLOOKUP(A174,PEDIDO!$B:$C,2,0),"") | M174: =IF(N(L174)>0,"COMPRA","NÃO COMPRA") -> NÃO COMPRA
A175: 580139401 | C175: ANEL PISTÃO GM MONZA 1.8 8V 86... +100 (LL) | D175: LEVE | E175: ANEL DE PISTAO | F175: CHEVROLET | G175: C | H175: 2C4834040 (HASTINGS) 52273306 (ORIG.) 800021140 (KS) A14230 (MAHLE) A14239 (SPA MAHLE) A180 (SINTECH) DA6633 (METAL LEVE) PNA7509 (CENTRINEL) SDA6633 (SPA METAL LEVE) | J175: 4 CILINDROS | L175: =IFERROR(VLOOKUP(A175,PEDIDO!$B:$C,2,0),"") | M175: =IF(N(L175)>0,"COMPRA","NÃO COMPRA") -> NÃO COMPRA
A176: 581360451 | C176: ANEL PISTÃO HONDA CIVIC RX 1.6L 16V STD (LL) | D176: LEVE | E176: ANEL DE PISTAO | F176: HONDA | G176: C | H176: 2C4640 (HASTINGS) EMA9161 (CENTRINEL) | J176: 4 CILINDROS | L176: =IFERROR(VLOOKUP(A176,PEDIDO!$B:$C,2,0),"") | M176: =IF(N(L176)>0,"COMPRA","NÃO COMPRA") -> NÃO COMPRA
A177: 582620701 | C177: ANEL PISTÃO FIAT DUCATO 2.3L 16V F1AE (10-) STD | D177: UTILITÁRIO | E177: ANEL DE PISTAO | F177: RENAULT | G177: C | H177: 2D7138 (HASTINGS) A0010200 (MAHLE) A916 (SINTECH) DC.8770 (METAL LEVE) | J177: 4 CILINDROS | L177: =IFERROR(VLOOKUP(A177,PEDIDO!$B:$C,2,0),"") | M177: =IF(N(L177)>0,"COMPRA","NÃO COMPRA") -> NÃO COMPRA
A178: 582615641 | C178: ANEL PISTÃO KIA HYUNDAI SONATA 2.4L 16V 050 | D178: LEVE | E178: ANEL DE PISTAO | F178: KIA MOTORS | G178: C | H178: 2C5297020 (HASTINGS) | J178: 4 CILINDROS | L178: =IFERROR(VLOOKUP(A178,PEDIDO!$B:$C,2,0),"") | M178: =IF(N(L178)>0,"COMPRA","NÃO COMPRA") -> NÃO COMPRA
A179: 581425301 | C179: ANEL PISTÃO FORD ESCORT 1.8 16V ZETEC +050 (LL) | D179: LEVE | E179: ANEL DE PISTAO | F179: FORD | G179: C | H179: 2C5194020 (HASTINGS) A470 (SINTECH) A59930 (MAHLE) ASFO18A-050 (TAKAO) CMA7726 (CENTRINEL) DA.7520 (METAL LEVE) | J179: 4 CILINDROS | L179: =IFERROR(VLOOKUP(A179,PEDIDO!$B:$C,2,0),"") | M179: =IF(N(L179)>0,"COMPRA","NÃO COMPRA") -> NÃO COMPRA
A180: 582530641 | C180: ANEL PISTÃO TUCSON / I30 MOTOR G4GF 2.0 16V STD | D180: LEVE | E180: ANEL DE PISTAO | F180: KIA MOTORS | G180: C | H180: 2C5825 (HASTINGS) A208150 (MAHLE) A300 (SINTECH) AA.8812 (METAL LEVE) | J180: 4 CILINDROS | L180: =IFERROR(VLOOKUP(A180,PEDIDO!$B:$C,2,0),"") | M180: =IF(N(L180)>0,"COMPRA","NÃO COMPRA") -> NÃO COMPRA
A181: 582589101 | C181: ANEL PISTÃO VW AR 1.6L 4CIL APOS 1984 100 | D181: LEVE | E181: ANEL DE PISTAO | F181: VOLKSWAGEN | G181: C | H181: 2C4664040 (HASTINGS) 800060740 (KS) 800060740 (SINTECH) A70200 (MAHLE) A70209 (MAHLE) DA.6539 (METAL LEVE) SNA6539 (METAL LEVE) | J181: 4 CILINDROS | L181: =IFERROR(VLOOKUP(A181,PEDIDO!$B:$C,2,0),"") | M181: =IF(N(L181)>0,"COMPRA","NÃO COMPRA") -> NÃO COMPRA
A182: 582925451 | C182: ANEL PISTÃO D17Z 1.7 L 16V SOHC L4 GASOLINA 050 | D182: LEVE | E182: ANEL DE PISTAO | F182: HONDA | G182: C | H182: 2C5111020 (HASTINGS) A51280 (MAHLE) A770 (SINTECH) AA.8451 (METAL LEVE) | J182: 4 CILINDROS | L182: =IFERROR(VLOOKUP(A182,PEDIDO!$B:$C,2,0),"") | M182: =IF(N(L182)>0,"COMPRA","NÃO COMPRA") -> NÃO COMPRA
A183: 582525401 | C183: ANEL PISTÃO GM CHEVETE 1.6L APOS 1987 050 | D183: LEVE | E183: ANEL DE PISTAO | F183: CHEVROLET | G183: C | H183: 2C4801 (HASTINGS) 800062240 (KS) A14110 (MAHLE) A14112 (MAHLE) A14119 (MAHLE) A195 (SINTECH) DA.6689 (METAL LEVE) NA.6689 (METAL LEVE) SNA6689 (METAL LEVE) | J183: 4 CILINDROS | L183: =IFERROR(VLOOKUP(A183,PEDIDO!$B:$C,2,0),"") | M183: =IF(N(L183)>0,"COMPRA","NÃO COMPRA") -> NÃO COMPRA
A184: 582640311 | C184: ANEL PISTÃO MASTER 2.5 16V G9U (12-) STD | D184: UTILITÁRIO | E184: ANEL DE PISTAO | F184: RENAULT | G184: C | H184: 2M7423 (HASTINGS) A0180860 (MAHLE) A18480 (MAHLE) A990 (SINTECH) DC.8715 (METAL LEVE) LC.8715 (METAL LEVE) | J184: 4 CILINDROS | L184: =IFERROR(VLOOKUP(A184,PEDIDO!$B:$C,2,0),"") | M184: =IF(N(L184)>0,"COMPRA","NÃO COMPRA") -> NÃO COMPRA
A185: 583470901 | C185: ANEL DE PISTÃO SCANIA EURO V STD | D185: PESADO | E185: ANEL DE PISTAO | F185: SCANIA | G185: C | H185: #N/A | L185: =IFERROR(VLOOKUP(A185,PEDIDO!$B:$C,2,0),"") | M185: =IF(N(L185)>0,"COMPRA","NÃO COMPRA") -> NÃO COMPRA
A186: 582500641 | C186: ANEL PISTÃO HYUNDAI/KIA 2.0 L (THETA II) STD | D186: LEVE | E186: ANEL DE PISTAO | F186: KIA MOTORS | G186: C | H186: 2C4357 (HASTINGS) A2080630 (MAHLE) PR.9261 (METAL LEVE) | J186: 4 CILINDROS | L186: =IFERROR(VLOOKUP(A186,PEDIDO!$B:$C,2,0),"") | M186: =IF(N(L186)>0,"COMPRA","NÃO COMPRA") -> NÃO COMPRA
A187: 582520401 | C187: ANEL PISTÃO GM CHEVETE 1.6L APOS 1987 STD | D187: LEVE | E187: ANEL DE PISTAO | F187: CHEVROLET | G187: C | H187: 2C4801 (HASTINGS) 800062240 (KS) A14110 (MAHLE) A14112 (MAHLE) A14119 (MAHLE) A195 (SINTECH) DA.6689 (METAL LEVE) NA.6689 (METAL LEVE) SNA6689 (METAL LEVE) | J187: 4 CILINDROS | L187: =IFERROR(VLOOKUP(A187,PEDIDO!$B:$C,2,0),"") | M187: =IF(N(L187)>0,"COMPRA","NÃO COMPRA") -> NÃO COMPRA
A188: 582975541 | C188: ANEL PISTÃO CVVT 1.6 L 16V DOHC L4 GASOLINA 050 | D188: LEVE | E188: ANEL DE PISTAO | F188: HYUNDAI | G188: C | H188: 2C450450 (HASTINGS) A2110550 (MAHLE) A305 (SINTECH) AA.8987 (METAL LEVE) | J188: 4 CILINDROS | L188: =IFERROR(VLOOKUP(A188,PEDIDO!$B:$C,2,0),"") | M188: =IF(N(L188)>0,"COMPRA","NÃO COMPRA") -> NÃO COMPRA
A189: 582519081 | C189: ANEL PISTÃO MITSUBISHI PAJERO 2.0 16V 4G94 100 | D189: LEVE | E189: ANEL DE PISTAO | F189: MITSUBISHI | G189: C | H189: 2C5173040 (HASTINGS) A1950520 (MAHLE) TS.8975 (METAL LEVE) | J189: 4 CILINDROS | L189: =IFERROR(VLOOKUP(A189,PEDIDO!$B:$C,2,0),"") | M189: =IF(N(L189)>0,"COMPRA","NÃO COMPRA") -> NÃO COMPRA
A190: 581319401 | C190: ANEL PISTÃO GM S10/BLAZER 2.4 8V +100 (LL) | D190: UTILITÁRIO | E190: ANEL DE PISTAO | F190: CHEVROLET | G190: C | H190: 2C4174040 (HASTINGS) A100 (SINTECH) A14710 (MAHLE) EMA7527 (CENTRINEL) TA8038 (METAL LEVE) | J190: 4 CILINDROS | L190: =IFERROR(VLOOKUP(A190,PEDIDO!$B:$C,2,0),"") | M190: =IF(N(L190)>0,"COMPRA","NÃO COMPRA") -> NÃO COMPRA
A191: 582510081 | C191: ANEL PISTÃO MITSUBISHI PAJERO TR4 2.0 16V 4G94 | D191: LEVE | E191: ANEL DE PISTAO | F191: MITSUBISHI | G191: C | H191: 2C5173 (HASTINGS) A1950520 (MAHLE) TS.8975 (METAL LEVE) | J191: 4 CILINDROS | L191: =IFERROR(VLOOKUP(A191,PEDIDO!$B:$C,2,0),"") | M191: =IF(N(L191)>0,"COMPRA","NÃO COMPRA") -> NÃO COMPRA
A192: 581420301 | C192: ANEL PISTÃO FORD ESCORT 1.8 16V ZETEC STD (LL) | D192: LEVE | E192: ANEL DE PISTAO | F192: FORD | G192: C | H192: 2C5194 (HASTINGS) A470 (SINTECH) A59930 (MAHLE) ASFO18A-STD (TAKAO) CMA7726 (CENTRINEL) DA.7520 (METAL LEVE) | J192: 4 CILINDROS | L192: =IFERROR(VLOOKUP(A192,PEDIDO!$B:$C,2,0),"") | M192: =IF(N(L192)>0,"COMPRA","NÃO COMPRA") -> NÃO COMPRA
A193: 582405451 | C193: ANEL PISTÃO HONDA CIVIC 1.6L 16V SOHC 96-00 050 | D193: LEVE | E193: ANEL DE PISTAO | F193: HONDA | G193: C | H193: 2C4690020 (HASTINGS) A51240 (MAHLE) AA.7589 (METAL LEVE) | J193: 4 CILINDROS | L193: =IFERROR(VLOOKUP(A193,PEDIDO!$B:$C,2,0),"") | M193: =IF(N(L193)>0,"COMPRA","NÃO COMPRA") -> NÃO COMPRA
A194: 582879401 | C194: ANEL DE PISTAO SPE/4 1.0 L 8V SOHC L4 FLEX +1,00 | D194: LEVE | E194: ANEL DE PISTAO | F194: CHEVROLET | G194: C | H194: 0 | J194: 4 CILINDROS | L194: =IFERROR(VLOOKUP(A194,PEDIDO!$B:$C,2,0),"") | M194: =IF(N(L194)>0,"COMPRA","NÃO COMPRA") -> NÃO COMPRA
A195: 580044701 | C195: ANEL PISTÃO FIAT UNO 1.6 ACT +050 (LL) | D195: LEVE | E195: ANEL DE PISTAO | F195: FIAT | G195: C | H195: 2C4800016 (HASTINGS) 800062040 (KS) A25040 (MAHLE) A25049 (SPA MAHLE) A25700 (MAHLE) A25760 (MAHLE) ASFI16A-040 (TAKAO) DD6833 (METAL LEVE) DD6838 (METAL LEVE) DD7525 (METAL LEVE) PNA7608 (CENTRINEL) SND6833 (SPA METAL LEVE) | J195: 4 CILINDROS | L195: =IFERROR(VLOOKUP(A195,PEDIDO!$B:$C,2,0),"") | M195: =IF(N(L195)>0,"COMPRA","NÃO COMPRA") -> NÃO COMPRA
A196: 582585101 | C196: ANEL PISTÃO VW AR 1.6L 4CIL APOS 1984 050 | D196: LEVE | E196: ANEL DE PISTAO | F196: VOLKSWAGEN | G196: C | H196: 2C4664020 (HASTINGS) 800060740 (KS) 800060740 (SINTECH) A70200 (MAHLE) A70209 (MAHLE) DA.6539 (METAL LEVE) SNA6539 (METAL LEVE) | J196: 4 CILINDROS | L196: =IFERROR(VLOOKUP(A196,PEDIDO!$B:$C,2,0),"") | M196: =IF(N(L196)>0,"COMPRA","NÃO COMPRA") -> NÃO COMPRA
A197: 580588401 | C197: ANEL PISTÃO GM OPALA 4.1 250 OHV +150 (LL) | D197: LEVE | E197: ANEL DE PISTAO | F197: CHEVROLET | G197: C | H197: 667 (HASTINGS) A14430 (MAHLE) A14479 (SPA METAL LEVE) CA0514 (METAL LEVE) PNT7513 (CENTRINEL) SNA0514 (SPA MAHLE) | J197: 4 CILINDROS | L197: =IFERROR(VLOOKUP(A197,PEDIDO!$B:$C,2,0),"") | M197: =IF(N(L197)>0,"COMPRA","NÃO COMPRA") -> NÃO COMPRA
A198: 580789101 | C198: ANEL PISTÃO VW GOL 1.6 8V +100 (LL) | D198: LEVE | E198: ANEL DE PISTAO | F198: VOLKSWAGEN | G198: C | H198: 4490040 (HASTINGS) 800000946 (KS) A70670 (MAHLE) A70679 (SPA MAHLE) DA6075 (METAL LEVE) PNA7809 (CENTRINEL) SNA6075 (SPA METAL LEVE) | J198: 4 CILINDROS | L198: =IFERROR(VLOOKUP(A198,PEDIDO!$B:$C,2,0),"") | M198: =IF(N(L198)>0,"COMPRA","NÃO COMPRA") -> NÃO COMPRA
A199: 581379451 | C199: ANEL PISTÃO HONDA NEW CIVIC 1.8 16V FLEX +1.00(LL) | D199: LEVE | E199: ANEL DE PISTAO | F199: HONDA | G199: C | H199: 0 | J199: 4 CILINDROS | L199: =IFERROR(VLOOKUP(A199,PEDIDO!$B:$C,2,0),"") | M199: =IF(N(L199)>0,"COMPRA","NÃO COMPRA") -> NÃO COMPRA
A200: 580759311 | C200: ANEL PISTÃO RENAULT CLIO 1.0 16V ESPECIAL +100(LL) | D200: LEVE | E200: ANEL DE PISTAO | F200: RENAULT | G200: C | H200: 2C4995040 (HASTINGS) A18700 (MAHLE) A820 0,50 (SINTECH) CMA7722 (CENTRINEL) DA7962 (METAL LEVE) | J200: 4 CILINDROS | L200: =IFERROR(VLOOKUP(A200,PEDIDO!$B:$C,2,0),"") | M200: =IF(N(L200)>0,"COMPRA","NÃO COMPRA") -> NÃO COMPRA
A201: 581305141 | C201: ANEL PISTÃO PEUGEOT 307 2.0 16V +0.50 (LL) | D201: LEVE | E201: ANEL DE PISTAO | F201: PEUGEOT / CITROEN | G201: C | H201: 2C4106 (HASTINGS) 800068340 (KS) A630 (SINTECH) A66310 (MAHLE) GA8412 (METAL LEVE) | J201: 4 CILINDROS | L201: =IFERROR(VLOOKUP(A201,PEDIDO!$B:$C,2,0),"") | M201: =IF(N(L201)>0,"COMPRA","NÃO COMPRA") -> NÃO COMPRA
A202: 582990081 | C202: ANEL PISTÃO MITSUBISHI LANCER 2.0 16V(4B11) STD | D202: LEVE | E202: ANEL DE PISTAO | F202: MITSUBISHI | G202: C | H202: 2C4835 (HASTINGS) A1950530 (MAHLE) AA.9186 (METAL LEVE) | J202: 4 CILINDROS | L202: =IFERROR(VLOOKUP(A202,PEDIDO!$B:$C,2,0),"") | M202: =IF(N(L202)>0,"COMPRA","NÃO COMPRA") -> NÃO COMPRA
A203: 581419301 | C203: ANEL PISTÃO FORD FOCUS 2.0 16V DURATEC +100 (LL) | D203: LEVE | E203: ANEL DE PISTAO | F203: FORD | G203: C | H203: 2C5158040 (HASTINGS) 42077CP (MAHLE) A480 (SINTECH) AA8904 (METAL LEVE) ASFO21A-100 (TAKAO) | J203: 4 CILINDROS | L203: =IFERROR(VLOOKUP(A203,PEDIDO!$B:$C,2,0),"") | M203: =IF(N(L203)>0,"COMPRA","NÃO COMPRA") -> NÃO COMPRA
A204: 582900401 | C204: ANEL PISTÃO GM 1.4 L 8V SOHC L4 GAS 62CV STD | D204: LEVE | E204: ANEL DE PISTAO | F204: CHEVROLET | G204: C | H204: 2C4826 (HASTINGS) 800060941 (KS) A14010 (MAHLE) A14015 (MAHLE) A14019 (MAHLE) A197 (SINTECH) CA.4990 (METAL LEVE) NA.4990 (METAL LEVE) SNA4990 (METAL LEVE) | J204: 4 CILINDROS | L204: =IFERROR(VLOOKUP(A204,PEDIDO!$B:$C,2,0),"") | M204: =IF(N(L204)>0,"COMPRA","NÃO COMPRA") -> NÃO COMPRA
A205: 582839301 | C205: ANEL PISTÃO CHT 1.6 8V L4 SOHC 100 | D205: LEVE | E205: ANEL DE PISTAO | F205: FORD | G205: C | H205: 2C4977040 (HASTINGS) 800060040 (KS) A410 (SINTECH) A59320 (MAHLE) A59322 (MAHLE) A59329 (MAHLE) DA.6973 (METAL LEVE) NA.6973 (METAL LEVE) SNA6973 (METAL LEVE) | J205: 4 CILINDROS | L205: =IFERROR(VLOOKUP(A205,PEDIDO!$B:$C,2,0),"") | M205: =IF(N(L205)>0,"COMPRA","NÃO COMPRA") -> NÃO COMPRA
A206: 582515081 | C206: ANEL PISTÃO MITSUBISHI PAJERO 2.0 16V 4G94 050 | D206: LEVE | E206: ANEL DE PISTAO | F206: MITSUBISHI | G206: C | H206: 2C5173020 (HASTINGS) A1950520 (MAHLE) TS.8975 (METAL LEVE) | J206: 4 CILINDROS | L206: =IFERROR(VLOOKUP(A206,PEDIDO!$B:$C,2,0),"") | M206: =IF(N(L206)>0,"COMPRA","NÃO COMPRA") -> NÃO COMPRA
A207: 532011040 | C207: BALANCIM ONIX / PRISMA / AGILE / ASTRA (LL) | D207: LEVE | E207: BALANCEIROS | F207: CHEVROLET | G207: A | H207: 201 (REF.) 52.503.040 (RIO) 7086068 (ORIG.) 93361395 (ORIG.) | J207: 4 CILINDROS | L207: =IFERROR(VLOOKUP(A207,PEDIDO!$B:$C,2,0),"") | M207: =IF(N(L207)>0,"COMPRA","NÃO COMPRA") -> NÃO COMPRA
A208: 532000040 | C208: BALANCIM ASTRA / BLAZER / CELTA / CORSA (LL) | D208: LEVE | E208: BALANCEIROS | F208: CHEVROLET | G208: A | H208: 280 (Aplic) 90409194 (ORIG.) SB-194 (SAMBEL) SGA09MT (SGARIONI) | J208: 4 CILINDROS | L208: =IFERROR(VLOOKUP(A208,PEDIDO!$B:$C,2,0),"") | M208: =IF(N(L208)>0,"COMPRA","NÃO COMPRA") -> NÃO COMPRA
A209: 532020040 | C209: BALANCIM+TUCHO GM S10 / TRAILBLAZER 2.8 16V (12- ) | D209: UTILITÁRIO | E209: BALANCEIROS | F209: CHEVROLET | G209: A | H209: 12625214 (ORIG.) | J209: 4 CILINDROS | L209: =IFERROR(VLOOKUP(A209,PEDIDO!$B:$C,2,0),"") | M209: =IF(N(L209)>0,"COMPRA","NÃO COMPRA") -> NÃO COMPRA
A210: 532005010 | C210: BALANCIM FOX / GOL / GOLF / VOYAGE / POLO (LL) | D210: LEVE | E210: BALANCEIROS | F210: VOLKSWAGEN | G210: B | H210: 030109411B (ORIG.) 422 0013 10 (INA) 52.505.010 (RIO) 540 (Aplic) SGA02MT (SGARIONI) | J210: 4 CILINDROS | L210: =IFERROR(VLOOKUP(A210,PEDIDO!$B:$C,2,0),"") | M210: =IF(N(L210)>0,"COMPRA","NÃO COMPRA") -> NÃO COMPRA
A211: 532009008 | C211: BALANCIM PAJERO / L200 / L300 2.5 8v (ADM) (LL) | D211: UTILITÁRIO | E211: BALANCEIROS | F211: MITSUBISHI | G211: B | H211: 2453942880 (ORIG.) SGA10MT (SGARIONI) | J211: 4 CILINDROS | L211: =IFERROR(VLOOKUP(A211,PEDIDO!$B:$C,2,0),"") | M211: =IF(N(L211)>0,"COMPRA","NÃO COMPRA") -> NÃO COMPRA
... A230: 532028030 | C230: BALANCIM FORD DURATORQ 2.2 L 16V DOHC L4 DIESEL | D230: UTILITÁRIO | E230: BALANCEIROS | F230: FORD | G230: C | H230: 211NA-825F0927-D (ORIG.) | J230: 4 CILINDROS | L230: =IFERROR(VLOOKUP(A230,PEDIDO!$B:$C,2,0),"") | M230: =IF(N(L230)>0,"COMPRA","NÃO COMPRA") -> NÃO COMPRA
A231: 532031015 | C231: BALANCINS CUMMINS ISL 8.9 - 8.9L 24V SOHV L6 - CARGO | D231: PESADO | E231: BALANCEIROS | F231: CUMMINS | G231: LANÇAMENTOS | H231: #N/A | J231: 6 CILINDROS | L231: =IFERROR(VLOOKUP(A231,PEDIDO!$B:$C,2,0),"") | M231: =IF(N(L231)>0,"COMPRA","NÃO COMPRA") -> NÃO COMPRA
A232: 532052060 | C232: BALANCINS VOLVO D13 C 12.8L 24V SOHC L6 - FH 500 | D232: PESADO | E232: BALANCEIROS | F232: VOLVO | G232: LANÇAMENTOS | H232: #N/A | J232: 6 CILINDROS | L232: =IFERROR(VLOOKUP(A232,PEDIDO!$B:$C,2,0),"") | M232: =IF(N(L232)>0,"COMPRA","NÃO COMPRA") -> NÃO COMPRA
...

Sheet PEDIDO
A1: CÓDIGO (cole aqui como veio no pedido) | B1: CÓDIGO (tratado) | C1: QUANTIDADE
B2: =IFERROR(--SUBSTITUTE(TRIM(A2)," ",""),SUBSTITUTE(TRIM(A2)," ",""))
B3: =IFERROR(--SUBSTITUTE(TRIM(A3)," ",""),SUBSTITUTE(TRIM(A3)," ",""))
B4: =IFERROR(--SUBSTITUTE(TRIM(A4)," ",""),SUBSTITUTE(TRIM(A4)," ",""))
B5: =IFERROR(--SUBSTITUTE(TRIM(A5)," ",""),SUBSTITUTE(TRIM(A5)," ",""))
B6: =IFERROR(--SUBSTITUTE(TRIM(A6)," ",""),SUBSTITUTE(TRIM(A6)," ",""))
B7: =IFERROR(--SUBSTITUTE(TRIM(A7)," ",""),SUBSTITUTE(TRIM(A7)," ",""))
B8: =IFERROR(--SUBSTITUTE(TRIM(A8)," ",""),SUBSTITUTE(TRIM(A8)," ",""))
B9: =IFERROR(--SUBSTITUTE(TRIM(A9)," ",""),SUBSTITUTE(TRIM(A9)," ",""))
B10: =IFERROR(--SUBSTITUTE(TRIM(A10)," ",""),SUBSTITUTE(TRIM(A10)," ",""))
B11: =IFERROR(--SUBSTITUTE(TRIM(A11)," ",""),SUBSTITUTE(TRIM(A11)," ",""))
B12: =IFERROR(--SUBSTITUTE(TRIM(A12)," ",""),SUBSTITUTE(TRIM(A12)," ",""))
B13: =IFERROR(--SUBSTITUTE(TRIM(A13)," ",""),SUBSTITUTE(TRIM(A13)," ",""))
... B501: =IFERROR(--SUBSTITUTE(TRIM(A501)," ",""),SUBSTITUTE(TRIM(A501)," ",""))
